01/01/2020,9,49,6,42,9:42 AM,5:33 PM,1:12 PM,No moonset,Waxing Crescent,37,,,,,,,,,,,,,,,,,,
01/01/2020,24,9,49,7,11,189,S,122,http://cdn.worldweatheronline.com/images/wsymbols01_png_64/wsymbol_0004_black_low_cloud.png,Overcast,0,0,91,10,6,1025,31,73,8,46,6,43,6,42,12,19,6,42
02/01/2020,11,52,6,43,9:42 AM,5:35 PM,1:29 PM,12:19 AM,First Quarter,44,,,,,,,,,,,,,,,,,,
02/01/2020,24,11,52,18,29,217,SW,353,http://cdn.worldweatheronline.com/images/wsymbols01_png_64/wsymbol_0009_light_rain_showers.png,Light rain shower,0.9,0,91,9,5,1010,30,90,10,50,9,47,6,44,29,47,6,44
03/01/2020,8,46,3,38,9:42 AM,5:36 PM,1:45 PM,1:26 AM,First Quarter,51,,,,,,,,,,,,,,,,,,
03/01/2020,24,8,46,10,16,285,WNW,116,http://cdn.worldweatheronline.com/images/wsymbols01_png_64/wsymbol_0002_sunny_intervals.png,Partly cloudy,0.4,0,82,9,5,1026,31,33,6,42,3,37,3,37,18,28,3,37
04/01/2020,9,48,4,38,9:41 AM,5:37 PM,2:01 PM,2:32 AM,First Quarter,59,,,,,,,,,,,,,,,,,,
04/01/2020,24,9,48,10,16,222,SW,119,http://cdn.worldweatheronline.com/images/wsymbols01_png_64/wsymbol_0003_white_cloud.png,Cloudy,0,0,85,10,6,1034,31,76,7,45,5,41,5,40,16,26,5,40
05/01/2020,10,50,8,46,9:41 AM,5:38 PM,2:19 PM,3:41 AM,First Quarter,66,,,,,,,,,,,,,,,,,,
05/01/2020,24,10,50,15,24,205,SSW,122,http://cdn.worldweatheronline.com/images/wsymbols01_png_64/wsymbol_0004_black_low_cloud.png,Overcast,0.2,0,90,10,6,1028,31,91,9,48,7,45,5,42,24,38,5,42
06/01/2020,10,51,3,38,9:41 AM,5:39 PM,2:40 PM,4:50 AM,Waxing Gibbous,73,,,,,,,,,,,,,,,,,,
06/01/2020,24,10,51,17,27,254,WSW,302,http://cdn.worldweatheronline.com/images/wsymbols01_png_64/wsymbol_0018_cloudy_with_heavy_rain.png,Moderate rain,6,0.2,85,10,5,1015,30,60,8,47,6,43,5,41,27,44,5,41
07/01/2020,13,55,8,46,9:40 AM,5:40 PM,3:07 PM,6:02 AM,Waxing Gibbous,80,,,,,,,,,,,,,,,,,,
07/01/2020,24,13,55,19,30,224,SW,266,http://cdn.worldweatheronline.com/images/wsymbols01_png_64/wsymbol_0017_cloudy_with_light_rain.png,Light drizzle,0.7,0,89,9,5,1014,30,87,11,52,9,48,8,46,30,49,8,46
08/01/2020,9,47,2,36,9:40 AM,5:42 PM,3:41 PM,7:15 AM,Waxing Gibbous,88,,,,,,,,,,,,,,,,,,
08/01/2020,24,9,47,6,9,203,SSW,122,http://cdn.worldweatheronline.com/images/wsymbols01_png_64/wsymbol_0004_black_low_cloud.png,Overcast,1.6,0.1,87,10,6,1019,31,65,7,44,5,41,5,41,10,16,5,41
09/01/2020,5,40,-1,31,9:40 AM,5:43 PM,4:26 PM,8:24 AM,Waxing Gibbous,95,,,,,,,,,,,,,,,,,,
09/01/2020,24,5,40,8,14,258,WSW,176,http://cdn.worldweatheronline.com/images/wsymbols01_png_64/wsymbol_0009_light_rain_showers.png,Patchy rain possible,3.7,0.1,93,6,3,1007,30,69,4,38,3,37,0,33,14,22,0,33
10/01/2020,8,47,1,34,9:39 AM,5:45 PM,5:25 PM,9:28 AM,Full Moon,100,,,,,,,,,,,,,,,,,,
10/01/2020,24,8,47,14,22,210,SSW,122,http://cdn.worldweatheronline.com/images/wsymbols01_png_64/wsymbol_0004_black_low_cloud.png,Overcast,0,0,84,10,6,1021,31,67,5,41,3,38,2,35,23,38,2,35
11/01/2020,11,53,6,43,9:38 AM,5:46 PM,6:35 PM,10:20 AM,Full Moon,100,,,,,,,,,,,,,,,,,,
11/01/2020,24,11,53,20,33,229,SW,299,http://cdn.worldweatheronline.com/images/wsymbols01_png_64/wsymbol_0010_heavy_rain_showers.png,Moderate rain at times,5.7,0.2,92,6,3,1014,30,85,10,49,8,47,6,43,33,52,6,43
12/01/2020,7,45,5,40,9:38 AM,5:47 PM,7:55 PM,11:02 AM,Waxing Gibbous,83,,,,,,,,,,,,,,,,,,
12/01/2020,24,7,45,10,16,245,WSW,176,http://cdn.worldweatheronline.com/images/wsymbols01_png_64/wsymbol_0009_light_rain_showers.png,Patchy rain possible,5.7,0.2,86,9,5,1015,30,50,6,43,4,39,3,37,18,29,3,37
13/01/2020,9,48,4,39,9:37 AM,5:49 PM,9:18 PM,11:35 AM,Waning Gibbous,76,,,,,,,,,,,,,,,,,,
13/01/2020,24,9,48,21,35,228,SW,353,http://cdn.worldweatheronline.com/images/wsymbols01_png_64/wsymbol_0009_light_rain_showers.png,Light rain shower,9.2,0.4,79,8,5,995,30,72,6,43,3,37,1,35,35,57,1,35
14/01/2020,6,42,3,37,9:36 AM,5:50 PM,10:42 PM,12:01 PM,Waning Gibbous,69,,,,,,,,,,,,,,,,,,
14/01/2020,24,6,42,12,19,253,WSW,296,http://cdn.worldweatheronline.com/images/wsymbols01_png_64/wsymbol_0017_cloudy_with_light_rain.png,Light rain,4.1,0.2,84,9,5,987,30,76,5,40,2,36,1,33,20,32,1,33
15/01/2020,7,45,1,34,9:35 AM,5:52 PM,No moonrise,12:24 PM,Waning Gibbous,61,,,,,,,,,,,,,,,,,,
15/01/2020,24,7,45,14,23,232,SW,176,http://cdn.worldweatheronline.com/images/wsymbols01_png_64/wsymbol_0009_light_rain_showers.png,Patchy rain possible,0.1,0,76,10,6,1000,30,41,5,41,1,34,1,33,26,41,1,33
16/01/2020,10,50,3,37,9:35 AM,5:53 PM,12:04 AM,12:44 PM,Waning Gibbous,54,,,,,,,,,,,,,,,,,,
16/01/2020,24,10,50,19,31,218,SW,389,http://cdn.worldweatheronline.com/images/wsymbols01_png_64/wsymbol_0024_thunderstorms.png,Moderate or heavy rain with thunder,5,0.2,85,9,5,999,30,84,8,47,6,43,4,40,31,50,4,40
17/01/2020,6,43,2,35,9:34 AM,5:55 PM,1:26 AM,1:04 PM,Last Quarter,47,,,,,,,,,,,,,,,,,,
17/01/2020,24,6,43,8,13,282,WNW,176,http://cdn.worldweatheronline.com/images/wsymbols01_png_64/wsymbol_0009_light_rain_showers.png,Patchy rain possible,1.3,0.1,84,10,6,1012,30,57,4,38,1,34,1,33,14,23,1,33
18/01/2020,7,44,1,34,9:33 AM,5:57 PM,2:45 AM,1:26 PM,Last Quarter,40,,,,,,,,,,,,,,,,,,
18/01/2020,24,7,44,5,8,61,ENE,116,http://cdn.worldweatheronline.com/images/wsymbols01_png_64/wsymbol_0002_sunny_intervals.png,Partly cloudy,0,0,85,10,6,1029,31,12,3,37,1,33,1,34,9,14,1,34
19/01/2020,8,46,0,33,9:32 AM,5:58 PM,4:05 AM,1:50 PM,Last Quarter,32,,,,,,,,,,,,,,,,,,
19/01/2020,24,8,46,5,8,173,S,116,http://cdn.worldweatheronline.com/images/wsymbols01_png_64/wsymbol_0002_sunny_intervals.png,Partly cloudy,0,0,82,10,6,1044,31,9,3,38,0,33,2,35,9,14,2,35
20/01/2020,8,46,2,36,9:31 AM,6:00 PM,5:23 AM,2:18 PM,Waning Crescent,25,,,,,,,,,,,,,,,,,,
20/01/2020,24,8,46,6,10,233,SW,116,http://cdn.worldweatheronline.com/images/wsymbols01_png_64/wsymbol_0002_sunny_intervals.png,Partly cloudy,0,0,89,9,5,1047,31,8,4,39,2,36,2,35,12,19,2,35
21/01/2020,8,46,2,35,9:30 AM,6:02 PM,6:36 AM,2:54 PM,Waning Crescent,18,,,,,,,,,,,,,,,,,,
21/01/2020,24,8,46,4,6,260,W,143,http://cdn.worldweatheronline.com/images/wsymbols01_png_64/wsymbol_0006_mist.png,Mist,0,0,92,8,4,1043,31,62,5,41,4,38,4,38,7,11,4,38
22/01/2020,9,49,5,41,9:28 AM,6:03 PM,7:44 AM,3:38 PM,Waning Crescent,11,,,,,,,,,,,,,,,,,,
22/01/2020,24,9,49,4,7,20,NNE,143,http://cdn.worldweatheronline.com/images/wsymbols01_png_64/wsymbol_0006_mist.png,Mist,0,0,95,4,2,1039,31,92,7,45,6,43,6,43,7,12,6,43
23/01/2020,10,49,6,43,9:27 AM,6:05 PM,8:42 AM,4:32 PM,Waning Crescent,3,,,,,,,,,,,,,,,,,,
23/01/2020,24,10,49,3,5,28,NNE,143,http://cdn.worldweatheronline.com/images/wsymbols01_png_64/wsymbol_0006_mist.png,Mist,0,0,93,5,3,1032,31,68,8,46,7,44,7,45,5,9,7,45
24/01/2020,9,48,5,42,9:26 AM,6:07 PM,9:29 AM,5:34 PM,New Moon,0,,,,,,,,,,,,,,,,,,
24/01/2020,24,9,48,4,6,245,WSW,122,http://cdn.worldweatheronline.com/images/wsymbols01_png_64/wsymbol_0004_black_low_cloud.png,Overcast,0,0,90,9,5,1024,31,89,7,45,6,42,6,43,6,9,6,43
25/01/2020,9,47,5,41,9:25 AM,6:08 PM,10:05 AM,6:40 PM,New Moon,0,,,,,,,,,,,,,,,,,,
25/01/2020,24,9,47,11,18,192,SSW,176,http://cdn.worldweatheronline.com/images/wsymbols01_png_64/wsymbol_0009_light_rain_showers.png,Patchy rain possible,0.2,0,87,9,5,1013,30,82,8,46,5,42,5,40,17,28,5,40
26/01/2020,7,44,1,33,9:23 AM,6:10 PM,10:34 AM,7:49 PM,Waxing Crescent,4,,,,,,,,,,,,,,,,,,
26/01/2020,24,7,44,14,22,237,WSW,122,http://cdn.worldweatheronline.com/images/wsymbols01_png_64/wsymbol_0004_black_low_cloud.png,Overcast,7.9,0.3,81,9,5,1004,30,77,6,43,3,38,3,37,22,36,3,37
27/01/2020,5,41,1,34,9:22 AM,6:12 PM,10:57 AM,8:57 PM,Waxing Crescent,11,,,,,,,,,,,,,,,,,,
27/01/2020,24,5,41,11,18,238,WSW,338,http://cdn.worldweatheronline.com/images/wsymbols01_png_64/wsymbol_0020_cloudy_with_heavy_snow.png,Heavy snow,7.3,0.3,85,9,5,994,30,66,3,37,1,33,-1,30,19,31,-1,30
28/01/2020,5,41,0,32,9:21 AM,6:14 PM,11:17 AM,10:05 PM,Waxing Crescent,18,,,,,,,,,,,,,,,,,,
28/01/2020,24,5,41,14,22,273,W,116,http://cdn.worldweatheronline.com/images/wsymbols01_png_64/wsymbol_0002_sunny_intervals.png,Partly cloudy,0,0,75,10,6,999,30,27,2,36,-2,29,-3,27,24,39,-3,27
29/01/2020,9,48,1,34,9:19 AM,6:16 PM,11:34 AM,11:12 PM,Waxing Crescent,26,,,,,,,,,,,,,,,,,,
29/01/2020,24,9,48,10,17,234,SW,122,http://cdn.worldweatheronline.com/images/wsymbols01_png_64/wsymbol_0004_black_low_cloud.png,Overcast,0,0,86,10,6,1008,30,48,5,42,3,38,2,36,19,31,2,36
30/01/2020,13,55,6,43,9:18 AM,6:17 PM,11:50 AM,No moonset,Waxing Crescent,33,,,,,,,,,,,,,,,,,,
30/01/2020,24,13,55,11,18,247,WSW,122,http://cdn.worldweatheronline.com/images/wsymbols01_png_64/wsymbol_0004_black_low_cloud.png,Overcast,0,0,92,10,6,1001,30,90,10,50,9,48,7,45,18,30,7,45
31/01/2020,11,52,8,47,9:16 AM,6:19 PM,12:05 PM,12:18 AM,Waxing Crescent,37,,,,,,,,,,,,,,,,,,
31/01/2020,24,11,52,19,31,230,SW,296,http://cdn.worldweatheronline.com/images/wsymbols01_png_64/wsymbol_0017_cloudy_with_light_rain.png,Light rain,3.3,0.1,90,10,6,1000,30,88,11,51,9,48,7,45,29,47,7,45
01/02/2020,9,48,4,38,9:15 AM,6:21 PM,12:22 PM,1:25 AM,First Quarter,49,,,,,,,,,,,,,,,,,,
01/02/2020,24,9,48,14,23,256,WSW,116,http://cdn.worldweatheronline.com/images/wsymbols01_png_64/wsymbol_0002_sunny_intervals.png,Partly cloudy,0,0,74,10,6,1003,30,49,7,45,3,37,3,38,24,38,3,38
02/02/2020,10,50,6,44,9:13 AM,6:23 PM,12:42 PM,2:32 AM,First Quarter,57,,,,,,,,,,,,,,,,,,
02/02/2020,24,10,50,16,26,239,WSW,176,http://cdn.worldweatheronline.com/images/wsymbols01_png_64/wsymbol_0009_light_rain_showers.png,Patchy rain possible,6.9,0.3,86,10,5,1003,30,65,9,47,6,43,5,41,27,43,5,41
03/02/2020,7,45,4,38,9:11 AM,6:25 PM,1:05 PM,3:42 AM,First Quarter,64,,,,,,,,,,,,,,,,,,
03/02/2020,24,7,45,11,17,277,W,119,http://cdn.worldweatheronline.com/images/wsymbols01_png_64/wsymbol_0003_white_cloud.png,Cloudy,0,0,76,10,6,1016,30,33,6,42,2,35,2,36,18,30,2,36
04/02/2020,8,47,3,38,9:10 AM,6:26 PM,1:35 PM,4:53 AM,Waxing Gibbous,72,,,,,,,,,,,,,,,,,,
04/02/2020,24,8,47,9,15,310,NW,116,http://cdn.worldweatheronline.com/images/wsymbols01_png_64/wsymbol_0002_sunny_intervals.png,Partly cloudy,0,0,80,10,6,1030,31,34,5,41,2,35,2,35,17,27,2,35
05/02/2020,9,47,2,36,9:08 AM,6:28 PM,2:13 PM,6:03 AM,Waxing Gibbous,79,,,,,,,,,,,,,,,,,,
05/02/2020,24,9,47,6,9,186,S,116,http://cdn.worldweatheronline.com/images/wsymbols01_png_64/wsymbol_0002_sunny_intervals.png,Partly cloudy,0,0,87,10,6,1035,31,24,5,41,3,37,3,38,10,17,3,38
06/02/2020,8,47,5,41,9:06 AM,6:30 PM,3:04 PM,7:09 AM,Waxing Gibbous,87,,,,,,,,,,,,,,,,,,
06/02/2020,24,8,47,12,19,144,SE,176,http://cdn.worldweatheronline.com/images/wsymbols01_png_64/wsymbol_0009_light_rain_showers.png,Patchy rain possible,0.1,0,84,10,6,1026,31,69,7,44,4,40,4,38,19,30,4,38
07/02/2020,10,49,6,44,9:05 AM,6:32 PM,4:09 PM,8:07 AM,Waxing Gibbous,95,,,,,,,,,,,,,,,,,,
07/02/2020,24,10,49,19,31,186,S,353,http://cdn.worldweatheronline.com/images/wsymbols01_png_64/wsymbol_0009_light_rain_showers.png,Light rain shower,3.2,0.1,86,10,6,1007,30,76,8,47,5,42,5,40,30,48,5,40
08/02/2020,9,48,3,38,9:03 AM,6:34 PM,5:26 PM,8:54 AM,Full Moon,100,,,,,,,,,,,,,,,,,,
08/02/2020,24,9,48,21,34,215,SW,353,http://cdn.worldweatheronline.com/images/wsymbols01_png_64/wsymbol_0009_light_rain_showers.png,Light rain shower,8.2,0.3,84,8,5,1005,30,79,7,44,4,39,2,36,34,55,2,36
09/02/2020,12,54,6,44,9:01 AM,6:36 PM,6:50 PM,9:32 AM,Full Moon,100,,,,,,,,,,,,,,,,,,
09/02/2020,24,12,54,27,43,254,WSW,302,http://cdn.worldweatheronline.com/images/wsymbols01_png_64/wsymbol_0018_cloudy_with_heavy_rain.png,Moderate rain,19.4,0.8,86,8,4,987,30,93,10,49,7,45,5,42,42,68,5,42
10/02/2020,5,42,2,35,8:59 AM,6:38 PM,8:16 PM,10:01 AM,Waxing Gibbous,83,,,,,,,,,,,,,,,,,,
10/02/2020,24,5,42,20,32,273,W,335,http://cdn.worldweatheronline.com/images/wsymbols01_png_64/wsymbol_0012_heavy_snow_showers.png,Patchy heavy snow,6.6,0.3,76,8,5,1000,30,51,4,39,0,32,-2,29,33,54,-2,29
11/02/2020,5,41,1,34,8:57 AM,6:40 PM,9:43 PM,10:26 AM,Waning Gibbous,75,,,,,,,,,,,,,,,,,,
11/02/2020,24,5,41,17,27,273,W,371,http://cdn.worldweatheronline.com/images/wsymbols01_png_64/wsymbol_0012_heavy_snow_showers.png,Moderate or heavy snow showers,0.6,0,67,10,5,1012,30,48,3,37,-3,27,-3,27,29,46,-3,27
12/02/2020,7,44,1,34,8:56 AM,6:41 PM,11:08 PM,10:48 AM,Waning Gibbous,68,,,,,,,,,,,,,,,,,,
12/02/2020,24,7,44,13,21,213,SSW,353,http://cdn.worldweatheronline.com/images/wsymbols01_png_64/wsymbol_0009_light_rain_showers.png,Light rain shower,4.1,0.2,80,10,5,1010,30,60,4,39,1,34,0,32,21,34,0,32
13/02/2020,10,50,5,40,8:54 AM,6:43 PM,No moonrise,11:09 AM,Waning Gibbous,60,,,,,,,,,,,,,,,,,,
13/02/2020,24,10,50,13,20,302,WNW,176,http://cdn.worldweatheronline.com/images/wsymbols01_png_64/wsymbol_0009_light_rain_showers.png,Patchy rain possible,18.2,0.7,86,9,5,996,30,55,6,43,4,39,3,37,21,33,3,37
14/02/2020,10,50,5,41,8:52 AM,6:45 PM,12:31 AM,11:30 AM,Waning Gibbous,53,,,,,,,,,,,,,,,,,,
14/02/2020,24,10,50,16,25,236,WSW,302,http://cdn.worldweatheronline.com/images/wsymbols01_png_64/wsymbol_0018_cloudy_with_heavy_rain.png,Moderate rain,3.3,0.1,85,10,5,1008,30,61,8,46,6,42,5,40,26,42,5,40
15/02/2020,10,51,6,42,8:50 AM,6:47 PM,1:54 AM,11:53 AM,Last Quarter,45,,,,,,,,,,,,,,,,,,
15/02/2020,24,10,51,25,40,225,SW,302,http://cdn.worldweatheronline.com/images/wsymbols01_png_64/wsymbol_0018_cloudy_with_heavy_rain.png,Moderate rain,19.6,0.8,89,9,5,991,30,95,9,48,7,45,5,41,39,63,5,41
16/02/2020,6,42,-1,31,8:48 AM,6:49 PM,3:13 AM,12:20 PM,Last Quarter,38,,,,,,,,,,,,,,,,,,
16/02/2020,24,6,42,23,37,247,WSW,362,http://cdn.worldweatheronline.com/images/wsymbols01_png_64/wsymbol_0013_sleet_showers.png,Light sleet showers,4.1,0.2,74,10,5,989,30,68,5,41,1,34,0,32,38,61,0,32
17/02/2020,6,43,2,36,8:46 AM,6:51 PM,4:28 AM,12:54 PM,Last Quarter,30,,,,,,,,,,,,,,,,,,
17/02/2020,24,6,43,17,28,270,W,371,http://cdn.worldweatheronline.com/images/wsymbols01_png_64/wsymbol_0012_heavy_snow_showers.png,Moderate or heavy snow showers,1.9,0.1,78,9,5,1007,30,55,4,40,1,34,0,31,29,46,0,31
18/02/2020,7,45,2,36,8:44 AM,6:53 PM,5:38 AM,1:36 PM,Last Quarter,22,,,,,,,,,,,,,,,,,,
18/02/2020,24,7,45,15,24,266,W,176,http://cdn.worldweatheronline.com/images/wsymbols01_png_64/wsymbol_0009_light_rain_showers.png,Patchy rain possible,0.8,0,80,10,6,1018,31,53,5,41,2,35,0,33,26,41,0,33
19/02/2020,9,49,2,36,8:42 AM,6:55 PM,6:38 AM,2:25 PM,Waning Crescent,15,,,,,,,,,,,,,,,,,,
19/02/2020,24,9,49,17,28,221,SW,296,http://cdn.worldweatheronline.com/images/wsymbols01_png_64/wsymbol_0017_cloudy_with_light_rain.png,Light rain,2.3,0.1,90,10,6,1014,30,100,7,45,6,42,3,38,28,45,3,38
20/02/2020,5,42,3,37,8:40 AM,6:56 PM,7:27 AM,3:25 PM,Waning Crescent,7,,,,,,,,,,,,,,,,,,
20/02/2020,24,5,42,19,30,279,W,329,http://cdn.worldweatheronline.com/images/wsymbols01_png_64/wsymbol_0020_cloudy_with_heavy_snow.png,Patchy moderate snow,8.1,0.3,80,8,4,1010,30,70,5,42,2,36,1,33,29,47,1,33
21/02/2020,10,50,4,40,8:38 AM,6:58 PM,8:06 AM,4:29 PM,New Moon,0,,,,,,,,,,,,,,,,,,
21/02/2020,24,10,50,24,38,232,SW,122,http://cdn.worldweatheronline.com/images/wsymbols01_png_64/wsymbol_0004_black_low_cloud.png,Overcast,2.5,0.1,82,10,5,1016,30,99,8,47,6,42,4,39,38,61,4,39
22/02/2020,9,47,6,43,8:36 AM,7:00 PM,8:37 AM,5:37 PM,New Moon,0,,,,,,,,,,,,,,,,,,
22/02/2020,24,9,47,17,28,259,W,176,http://cdn.worldweatheronline.com/images/wsymbols01_png_64/wsymbol_0009_light_rain_showers.png,Patchy rain possible,0.4,0,81,9,5,1016,30,77,8,47,5,41,4,40,28,45,4,40
23/02/2020,10,50,6,43,8:34 AM,7:02 PM,9:01 AM,6:45 PM,New Moon,0,,,,,,,,,,,,,,,,,,
23/02/2020,24,10,50,13,22,259,W,266,http://cdn.worldweatheronline.com/images/wsymbols01_png_64/wsymbol_0017_cloudy_with_light_rain.png,Light drizzle,6.2,0.2,86,8,4,1017,31,89,8,47,6,43,6,42,21,34,6,42
24/02/2020,11,52,3,38,8:31 AM,7:04 PM,9:22 AM,7:53 PM,New Moon,0,,,,,,,,,,,,,,,,,,
24/02/2020,24,11,52,20,32,279,W,266,http://cdn.worldweatheronline.com/images/wsymbols01_png_64/wsymbol_0017_cloudy_with_light_rain.png,Light drizzle,7.4,0.3,84,8,5,1008,30,81,9,48,6,43,5,41,31,50,5,41
25/02/2020,4,40,0,32,8:29 AM,7:06 PM,9:39 AM,9:00 PM,Waxing Crescent,8,,,,,,,,,,,,,,,,,,
25/02/2020,24,4,40,17,27,275,W,395,http://cdn.worldweatheronline.com/images/wsymbols01_png_64/wsymbol_0012_heavy_snow_showers.png,Moderate or heavy snow with thunder,1.9,0.1,79,9,5,1005,30,62,3,37,-1,31,-3,27,27,43,-3,27
26/02/2020,6,42,0,33,8:27 AM,7:07 PM,9:55 AM,10:07 PM,Waxing Crescent,15,,,,,,,,,,,,,,,,,,
26/02/2020,24,6,42,11,18,264,W,362,http://cdn.worldweatheronline.com/images/wsymbols01_png_64/wsymbol_0013_sleet_showers.png,Light sleet showers,1.3,0.1,78,8,5,1010,30,65,3,37,-1,31,-1,30,20,32,-1,30
27/02/2020,7,45,2,35,8:25 AM,7:09 PM,10:11 AM,11:13 PM,Waxing Crescent,23,,,,,,,,,,,,,,,,,,
27/02/2020,24,7,45,8,14,290,WNW,122,http://cdn.worldweatheronline.com/images/wsymbols01_png_64/wsymbol_0004_black_low_cloud.png,Overcast,0.7,0,82,9,5,1007,30,61,4,39,1,34,1,33,13,22,1,33
28/02/2020,11,52,6,42,8:23 AM,7:11 PM,10:27 AM,No moonset,Waxing Crescent,30,,,,,,,,,,,,,,,,,,
28/02/2020,24,11,52,19,30,220,SW,266,http://cdn.worldweatheronline.com/images/wsymbols01_png_64/wsymbol_0017_cloudy_with_light_rain.png,Light drizzle,15,0.6,94,5,3,994,30,100,9,49,9,47,6,42,29,47,6,42
29/02/2020,5,40,1,34,8:21 AM,7:13 PM,10:45 AM,12:20 AM,Waxing Crescent,38,,,,,,,,,,,,,,,,,,
29/02/2020,24,5,40,21,33,253,WSW,227,http://cdn.worldweatheronline.com/images/wsymbols01_png_64/wsymbol_0019_cloudy_with_light_snow.png,Blowing snow,7.4,0.3,74,8,5,982,29,69,3,38,-1,30,-2,28,31,49,-2,28
01/03/2020,7,44,0,33,8:19 AM,7:15 PM,11:06 AM,1:28 AM,First Quarter,44,,,,,,,,,,,,,,,,,,
01/03/2020,24,7,44,13,21,266,W,353,http://cdn.worldweatheronline.com/images/wsymbols01_png_64/wsymbol_0009_light_rain_showers.png,Light rain shower,0.3,0,72,10,6,986,30,37,3,38,-1,29,-1,30,21,34,-1,30
02/03/2020,6,43,0,32,8:16 AM,7:17 PM,11:32 AM,2:37 AM,First Quarter,51,,,,,,,,,,,,,,,,,,
02/03/2020,24,6,43,12,20,274,W,176,http://cdn.worldweatheronline.com/images/wsymbols01_png_64/wsymbol_0009_light_rain_showers.png,Patchy rain possible,0.5,0,75,10,6,992,30,35,3,37,-2,29,-2,29,21,33,-2,29
03/03/2020,8,47,1,34,8:14 AM,7:18 PM,12:05 PM,3:46 AM,First Quarter,58,,,,,,,,,,,,,,,,,,
03/03/2020,24,8,47,8,13,284,WNW,176,http://cdn.worldweatheronline.com/images/wsymbols01_png_64/wsymbol_0009_light_rain_showers.png,Patchy rain possible,0.2,0,75,10,6,1004,30,43,4,39,0,32,1,34,14,23,1,34
04/03/2020,6,44,3,37,8:12 AM,7:20 PM,12:49 PM,4:52 AM,First Quarter,65,,,,,,,,,,,,,,,,,,
04/03/2020,24,6,44,8,12,112,ESE,296,http://cdn.worldweatheronline.com/images/wsymbols01_png_64/wsymbol_0017_cloudy_with_light_rain.png,Light rain,1.8,0.1,94,8,4,1004,30,97,4,40,4,38,2,35,12,19,2,35
05/03/2020,8,46,0,31,8:10 AM,7:22 PM,1:46 PM,5:53 AM,Waxing Gibbous,73,,,,,,,,,,,,,,,,,,
05/03/2020,24,8,46,9,14,289,WNW,353,http://cdn.worldweatheronline.com/images/wsymbols01_png_64/wsymbol_0009_light_rain_showers.png,Light rain shower,1.3,0.1,84,8,5,1001,30,40,4,39,1,34,0,33,14,23,0,33
06/03/2020,8,47,1,33,8:08 AM,7:24 PM,2:55 PM,6:44 AM,Waxing Gibbous,80,,,,,,,,,,,,,,,,,,
06/03/2020,24,8,47,14,22,301,WNW,176,http://cdn.worldweatheronline.com/images/wsymbols01_png_64/wsymbol_0009_light_rain_showers.png,Patchy rain possible,0.7,0,78,9,5,1008,30,65,5,41,1,34,1,33,23,36,1,33
07/03/2020,10,50,7,45,8:05 AM,7:26 PM,4:15 PM,7:25 AM,Waxing Gibbous,87,,,,,,,,,,,,,,,,,,
07/03/2020,24,10,50,20,32,216,SW,266,http://cdn.worldweatheronline.com/images/wsymbols01_png_64/wsymbol_0017_cloudy_with_light_rain.png,Light drizzle,4,0.2,90,8,4,1008,30,94,9,48,7,45,5,41,31,50,5,41
08/03/2020,9,47,5,41,8:03 AM,7:27 PM,5:42 PM,7:58 AM,Waxing Gibbous,95,,,,,,,,,,,,,,,,,,
08/03/2020,24,9,47,16,26,263,W,353,http://cdn.worldweatheronline.com/images/wsymbols01_png_64/wsymbol_0009_light_rain_showers.png,Light rain shower,2.4,0.1,82,10,6,1003,30,72,6,43,3,38,2,36,26,41,2,36
09/03/2020,11,52,4,39,8:01 AM,7:29 PM,7:10 PM,8:25 AM,Full Moon,100,,,,,,,,,,,,,,,,,,
09/03/2020,24,11,52,16,26,227,SW,296,http://cdn.worldweatheronline.com/images/wsymbols01_png_64/wsymbol_0017_cloudy_with_light_rain.png,Light rain,1.3,0.1,88,9,5,1010,30,78,7,45,6,42,3,38,27,44,3,38
10/03/2020,12,54,6,44,7:59 AM,7:31 PM,8:38 PM,8:48 AM,Full Moon,100,,,,,,,,,,,,,,,,,,
10/03/2020,24,12,54,17,27,258,WSW,266,http://cdn.worldweatheronline.com/images/wsymbols01_png_64/wsymbol_0017_cloudy_with_light_rain.png,Light drizzle,0.5,0,87,9,5,1004,30,94,10,50,8,46,7,45,25,41,7,45
11/03/2020,8,47,3,37,7:56 AM,7:33 PM,10:06 PM,9:10 AM,Waxing Gibbous,84,,,,,,,,,,,,,,,,,,
11/03/2020,24,8,47,16,26,237,WSW,293,http://cdn.worldweatheronline.com/images/wsymbols01_png_64/wsymbol_0017_cloudy_with_light_rain.png,Patchy light rain,1.3,0.1,85,10,5,1005,30,68,7,44,4,40,3,37,27,43,3,37
12/03/2020,8,47,1,34,7:54 AM,7:34 PM,11:32 PM,9:31 AM,Waning Gibbous,76,,,,,,,,,,,,,,,,,,
12/03/2020,24,8,47,18,28,269,W,176,http://cdn.worldweatheronline.com/images/wsymbols01_png_64/wsymbol_0009_light_rain_showers.png,Patchy rain possible,0.6,0,71,10,6,1010,30,50,5,40,0,31,0,32,28,45,0,32
13/03/2020,8,47,3,38,7:52 AM,7:36 PM,No moonrise,9:54 AM,Waning Gibbous,69,,,,,,,,,,,,,,,,,,
13/03/2020,24,8,47,10,17,191,SSW,305,http://cdn.worldweatheronline.com/images/wsymbols01_png_64/wsymbol_0010_heavy_rain_showers.png,Heavy rain at times,14.7,0.6,87,8,5,1014,30,66,6,42,4,38,2,36,18,29,2,36
14/03/2020,10,51,4,39,7:50 AM,7:38 PM,12:56 AM,10:20 AM,Waning Gibbous,62,,,,,,,,,,,,,,,,,,
14/03/2020,24,10,51,14,23,219,SW,176,http://cdn.worldweatheronline.com/images/wsymbols01_png_64/wsymbol_0009_light_rain_showers.png,Patchy rain possible,0.5,0,93,9,5,1007,30,73,7,45,6,43,4,39,23,38,4,39
15/03/2020,9,48,2,36,7:47 AM,7:40 PM,2:17 AM,10:52 AM,Waning Gibbous,55,,,,,,,,,,,,,,,,,,
15/03/2020,24,9,48,11,18,323,NW,353,http://cdn.worldweatheronline.com/images/wsymbols01_png_64/wsymbol_0009_light_rain_showers.png,Light rain shower,1.1,0,81,8,4,1007,30,39,6,42,3,37,2,36,18,29,2,36
16/03/2020,9,48,1,33,7:45 AM,7:41 PM,3:31 AM,11:32 AM,Last Quarter,47,,,,,,,,,,,,,,,,,,
16/03/2020,24,9,48,13,21,215,SW,122,http://cdn.worldweatheronline.com/images/wsymbols01_png_64/wsymbol_0004_black_low_cloud.png,Overcast,0.9,0,85,10,6,1019,31,61,5,41,3,38,2,36,20,32,2,36
17/03/2020,11,52,7,44,7:43 AM,7:43 PM,4:35 AM,12:20 PM,Last Quarter,40,,,,,,,,,,,,,,,,,,
17/03/2020,24,11,52,15,24,214,SW,122,http://cdn.worldweatheronline.com/images/wsymbols01_png_64/wsymbol_0004_black_low_cloud.png,Overcast,1.8,0.1,95,8,4,1020,31,89,9,49,9,48,7,44,24,38,7,44
18/03/2020,7,44,4,39,7:41 AM,7:45 PM,5:28 AM,1:17 PM,Last Quarter,33,,,,,,,,,,,,,,,,,,
18/03/2020,24,7,44,7,12,267,W,296,http://cdn.worldweatheronline.com/images/wsymbols01_png_64/wsymbol_0017_cloudy_with_light_rain.png,Light rain,5.4,0.2,89,8,4,1024,31,93,6,42,4,39,3,38,11,18,3,38
19/03/2020,8,46,1,34,7:38 AM,7:46 PM,6:09 AM,2:20 PM,Waning Crescent,25,,,,,,,,,,,,,,,,,,
19/03/2020,24,8,46,10,16,28,NNE,116,http://cdn.worldweatheronline.com/images/wsymbols01_png_64/wsymbol_0002_sunny_intervals.png,Partly cloudy,0,0,75,10,6,1028,31,27,4,39,0,32,1,33,17,27,1,33
20/03/2020,9,48,-1,31,7:36 AM,7:48 PM,6:42 AM,3:28 PM,Waning Crescent,18,,,,,,,,,,,,,,,,,,
20/03/2020,24,9,48,12,20,61,ENE,122,http://cdn.worldweatheronline.com/images/wsymbols01_png_64/wsymbol_0004_black_low_cloud.png,Overcast,0,0,79,10,6,1030,31,38,4,39,1,33,0,32,19,31,0,32
21/03/2020,7,44,1,33,7:34 AM,7:50 PM,7:07 AM,4:35 PM,Waning Crescent,11,,,,,,,,,,,,,,,,,,
21/03/2020,24,7,44,17,27,102,ESE,266,http://cdn.worldweatheronline.com/images/wsymbols01_png_64/wsymbol_0017_cloudy_with_light_rain.png,Light drizzle,1.1,0,83,7,4,1022,31,100,6,42,4,38,1,34,26,42,1,34
22/03/2020,8,47,4,39,7:31 AM,7:52 PM,7:28 AM,5:44 PM,Waning Crescent,4,,,,,,,,,,,,,,,,,,
22/03/2020,24,8,47,10,16,120,ESE,176,http://cdn.worldweatheronline.com/images/wsymbols01_png_64/wsymbol_0009_light_rain_showers.png,Patchy rain possible,0.5,0,83,9,5,1025,31,82,6,43,3,38,3,37,16,25,3,37
23/03/2020,9,49,2,36,7:29 AM,7:53 PM,7:46 AM,6:51 PM,New Moon,0,,,,,,,,,,,,,,,,,,
23/03/2020,24,9,49,6,9,169,S,119,http://cdn.worldweatheronline.com/images/wsymbols01_png_64/wsymbol_0003_white_cloud.png,Cloudy,0,0,87,9,5,1022,31,56,6,42,4,39,4,40,9,14,4,40
24/03/2020,10,51,6,43,7:27 AM,7:55 PM,8:02 AM,7:57 PM,New Moon,0,,,,,,,,,,,,,,,,,,
24/03/2020,24,10,51,14,22,196,SSW,116,http://cdn.worldweatheronline.com/images/wsymbols01_png_64/wsymbol_0002_sunny_intervals.png,Partly cloudy,0,0,89,10,6,1019,31,41,8,46,6,43,5,40,21,33,5,40
25/03/2020,13,55,7,44,7:24 AM,7:57 PM,8:17 AM,9:04 PM,Waxing Crescent,3,,,,,,,,,,,,,,,,,,
25/03/2020,24,13,55,8,12,151,SSE,122,http://cdn.worldweatheronline.com/images/wsymbols01_png_64/wsymbol_0004_black_low_cloud.png,Overcast,0,0,87,9,5,1020,31,52,9,48,7,45,7,45,12,20,7,45
26/03/2020,13,56,4,39,7:22 AM,7:58 PM,8:33 AM,10:11 PM,Waxing Crescent,11,,,,,,,,,,,,,,,,,,
26/03/2020,24,13,56,5,8,80,E,116,http://cdn.worldweatheronline.com/images/wsymbols01_png_64/wsymbol_0002_sunny_intervals.png,Partly cloudy,0,0,82,10,6,1024,31,5,8,46,5,40,7,44,7,12,7,44
27/03/2020,12,54,2,35,7:20 AM,8:00 PM,8:50 AM,11:19 PM,Waxing Crescent,18,,,,,,,,,,,,,,,,,,
27/03/2020,24,12,54,7,11,68,ENE,116,http://cdn.worldweatheronline.com/images/wsymbols01_png_64/wsymbol_0002_sunny_intervals.png,Partly cloudy,0,0,79,10,6,1026,31,4,6,44,3,37,4,40,11,18,4,40
28/03/2020,11,51,3,37,7:17 AM,8:02 PM,9:10 AM,No moonset,Waxing Crescent,25,,,,,,,,,,,,,,,,,,
28/03/2020,24,11,51,12,20,52,NE,176,http://cdn.worldweatheronline.com/images/wsymbols01_png_64/wsymbol_0009_light_rain_showers.png,Patchy rain possible,0.1,0,80,10,6,1033,31,35,6,43,3,37,3,37,19,31,3,37
29/03/2020,8,46,2,35,7:15 AM,8:03 PM,9:34 AM,12:28 AM,Waxing Crescent,32,,,,,,,,,,,,,,,,,,
29/03/2020,24,8,46,14,23,52,NE,119,http://cdn.worldweatheronline.com/images/wsymbols01_png_64/wsymbol_0003_white_cloud.png,Cloudy,0,0,70,10,6,1044,31,35,4,39,-1,30,0,32,21,35,0,32
30/03/2020,9,48,-2,28,7:13 AM,8:05 PM,10:03 AM,1:37 AM,First Quarter,40,,,,,,,,,,,,,,,,,,
30/03/2020,24,9,48,10,16,20,NNE,176,http://cdn.worldweatheronline.com/images/wsymbols01_png_64/wsymbol_0009_light_rain_showers.png,Patchy rain possible,0.1,0,79,10,6,1041,31,41,4,39,0,33,0,33,16,26,0,33
31/03/2020,10,49,1,33,7:10 AM,8:07 PM,10:41 AM,2:42 AM,First Quarter,44,,,,,,,,,,,,,,,,,,
31/03/2020,24,10,49,10,16,42,NE,176,http://cdn.worldweatheronline.com/images/wsymbols01_png_64/wsymbol_0009_light_rain_showers.png,Patchy rain possible,0.1,0,82,10,6,1035,31,49,6,42,3,37,2,36,15,25,2,36
01/04/2020,8,47,4,39,7:08 AM,8:08 PM,11:31 AM,3:44 AM,First Quarter,56,,,,,,,,,,,,,,,,,,
01/04/2020,24,8,47,8,12,181,S,119,http://cdn.worldweatheronline.com/images/wsymbols01_png_64/wsymbol_0003_white_cloud.png,Cloudy,0.1,0,75,10,6,1029,31,66,6,42,2,35,3,38,12,19,3,38
02/04/2020,10,51,2,35,7:06 AM,8:10 PM,12:33 PM,4:37 AM,First Quarter,64,,,,,,,,,,,,,,,,,,
02/04/2020,24,10,51,10,17,305,NW,176,http://cdn.worldweatheronline.com/images/wsymbols01_png_64/wsymbol_0009_light_rain_showers.png,Patchy rain possible,0.4,0,85,10,6,1021,31,70,7,45,5,40,4,40,16,25,4,40
03/04/2020,11,52,5,40,7:04 AM,8:12 PM,1:47 PM,5:21 AM,Waxing Gibbous,71,,,,,,,,,,,,,,,,,,
03/04/2020,24,11,52,6,9,242,WSW,263,http://cdn.worldweatheronline.com/images/wsymbols01_png_64/wsymbol_0009_light_rain_showers.png,Patchy light drizzle,1.1,0,86,7,4,1018,31,65,8,46,5,42,6,43,9,15,6,43
04/04/2020,11,51,5,40,7:01 AM,8:13 PM,3:09 PM,5:56 AM,Waxing Gibbous,79,,,,,,,,,,,,,,,,,,
04/04/2020,24,11,51,14,23,166,SSE,176,http://cdn.worldweatheronline.com/images/wsymbols01_png_64/wsymbol_0009_light_rain_showers.png,Patchy rain possible,0.3,0,86,10,6,1012,30,71,8,47,6,43,5,41,21,33,5,41
05/04/2020,11,52,8,46,6:59 AM,8:15 PM,4:35 PM,6:24 AM,Waxing Gibbous,87,,,,,,,,,,,,,,,,,,
05/04/2020,24,11,52,21,35,182,S,296,http://cdn.worldweatheronline.com/images/wsymbols01_png_64/wsymbol_0017_cloudy_with_light_rain.png,Light rain,5,0.2,90,10,5,998,30,75,9,49,8,46,6,42,34,55,6,42
06/04/2020,12,53,4,39,6:57 AM,8:17 PM,6:02 PM,6:48 AM,Waxing Gibbous,94,,,,,,,,,,,,,,,,,,
06/04/2020,24,12,53,10,16,245,WSW,176,http://cdn.worldweatheronline.com/images/wsymbols01_png_64/wsymbol_0009_light_rain_showers.png,Patchy rain possible,1.3,0.1,78,10,6,1014,30,49,8,46,4,39,5,41,16,26,5,41
07/04/2020,11,52,4,39,6:54 AM,8:18 PM,7:31 PM,7:10 AM,Full Moon,100,,,,,,,,,,,,,,,,,,
07/04/2020,24,11,52,8,13,168,SSE,116,http://cdn.worldweatheronline.com/images/wsymbols01_png_64/wsymbol_0002_sunny_intervals.png,Partly cloudy,0,0,83,9,5,1026,31,30,8,46,5,41,6,42,12,19,6,42
08/04/2020,14,57,4,40,6:52 AM,8:20 PM,8:59 PM,7:31 AM,Full Moon,100,,,,,,,,,,,,,,,,,,
08/04/2020,24,14,57,3,5,120,ESE,116,http://cdn.worldweatheronline.com/images/wsymbols01_png_64/wsymbol_0002_sunny_intervals.png,Partly cloudy,0,0,85,8,4,1025,31,14,9,48,7,44,9,48,5,8,9,48
09/04/2020,14,57,7,44,6:50 AM,8:22 PM,10:27 PM,7:53 AM,Waxing Gibbous,83,,,,,,,,,,,,,,,,,,
09/04/2020,24,14,57,6,10,112,ESE,116,http://cdn.worldweatheronline.com/images/wsymbols01_png_64/wsymbol_0002_sunny_intervals.png,Partly cloudy,0,0,89,6,3,1023,31,42,10,50,8,47,9,48,9,14,9,48
10/04/2020,16,60,8,47,6:48 AM,8:24 PM,11:53 PM,8:18 AM,Waning Gibbous,76,,,,,,,,,,,,,,,,,,
10/04/2020,24,16,60,4,6,116,ESE,122,http://cdn.worldweatheronline.com/images/wsymbols01_png_64/wsymbol_0004_black_low_cloud.png,Overcast,0,0,86,10,6,1021,31,69,12,53,9,49,11,52,6,9,11,52
11/04/2020,18,65,9,48,6:45 AM,8:25 PM,No moonrise,8:48 AM,Waning Gibbous,68,,,,,,,,,,,,,,,,,,
11/04/2020,24,18,65,5,7,289,WNW,353,http://cdn.worldweatheronline.com/images/wsymbols01_png_64/wsymbol_0009_light_rain_showers.png,Light rain shower,1.3,0.1,86,7,4,1023,31,56,14,56,10,51,13,55,8,12,13,55
12/04/2020,8,47,1,33,6:43 AM,8:27 PM,1:14 AM,9:25 AM,Waning Gibbous,61,,,,,,,,,,,,,,,,,,
12/04/2020,24,8,47,9,14,112,ESE,308,http://cdn.worldweatheronline.com/images/wsymbols01_png_64/wsymbol_0018_cloudy_with_heavy_rain.png,Heavy rain,35.8,1.4,91,7,4,1013,30,95,7,44,7,44,5,40,14,23,5,40
13/04/2020,11,51,5,41,6:41 AM,8:29 PM,2:25 AM,10:11 AM,Waning Gibbous,53,,,,,,,,,,,,,,,,,,
13/04/2020,24,11,51,14,23,74,ENE,122,http://cdn.worldweatheronline.com/images/wsymbols01_png_64/wsymbol_0004_black_low_cloud.png,Overcast,2.9,0.1,83,10,6,1025,31,46,8,47,5,41,5,41,21,35,5,41
14/04/2020,10,50,2,35,6:39 AM,8:30 PM,3:25 AM,11:07 AM,Last Quarter,46,,,,,,,,,,,,,,,,,,
14/04/2020,24,10,50,7,11,116,ESE,119,http://cdn.worldweatheronline.com/images/wsymbols01_png_64/wsymbol_0003_white_cloud.png,Cloudy,0,0,82,10,6,1028,31,29,6,43,3,37,4,39,10,17,4,39
15/04/2020,12,53,2,35,6:36 AM,8:32 PM,4:11 AM,12:09 PM,Last Quarter,38,,,,,,,,,,,,,,,,,,
15/04/2020,24,12,53,8,12,92,E,116,http://cdn.worldweatheronline.com/images/wsymbols01_png_64/wsymbol_0002_sunny_intervals.png,Partly cloudy,0,0,82,10,6,1021,31,1,6,43,3,38,4,39,11,18,4,39
16/04/2020,13,55,4,38,6:34 AM,8:34 PM,4:46 AM,1:17 PM,Last Quarter,30,,,,,,,,,,,,,,,,,,
16/04/2020,24,13,55,10,16,74,ENE,122,http://cdn.worldweatheronline.com/images/wsymbols01_png_64/wsymbol_0004_black_low_cloud.png,Overcast,0,0,80,10,6,1014,30,54,8,47,5,41,6,42,16,26,6,42
17/04/2020,12,53,6,42,6:32 AM,8:35 PM,5:14 AM,2:25 PM,Last Quarter,23,,,,,,,,,,,,,,,,,,
17/04/2020,24,12,53,10,16,73,ENE,302,http://cdn.worldweatheronline.com/images/wsymbols01_png_64/wsymbol_0018_cloudy_with_heavy_rain.png,Moderate rain,10.3,0.4,93,7,4,1012,30,87,9,48,8,46,7,44,16,25,7,44
18/04/2020,9,49,9,47,6:30 AM,8:37 PM,5:36 AM,3:34 PM,Waning Crescent,15,,,,,,,,,,,,,,,,,,
18/04/2020,24,9,49,12,19,84,E,266,http://cdn.worldweatheronline.com/images/wsymbols01_png_64/wsymbol_0017_cloudy_with_light_rain.png,Light drizzle,2.7,0.1,96,9,5,1014,30,100,9,48,8,47,6,43,17,27,6,43
19/04/2020,11,51,8,47,6:28 AM,8:39 PM,5:54 AM,4:41 PM,Waning Crescent,8,,,,,,,,,,,,,,,,,,
19/04/2020,24,11,51,11,17,111,ESE,266,http://cdn.worldweatheronline.com/images/wsymbols01_png_64/wsymbol_0017_cloudy_with_light_rain.png,Light drizzle,0.7,0,95,9,5,1018,31,98,9,49,9,48,7,45,16,26,7,45
20/04/2020,13,55,6,42,6:26 AM,8:41 PM,6:10 AM,5:48 PM,Waning Crescent,0,,,,,,,,,,,,,,,,,,
20/04/2020,24,13,55,10,16,70,ENE,122,http://cdn.worldweatheronline.com/images/wsymbols01_png_64/wsymbol_0004_black_low_cloud.png,Overcast,0,0,83,10,6,1018,31,48,9,48,6,43,7,44,16,25,7,44
21/04/2020,12,53,3,38,6:24 AM,8:42 PM,6:25 AM,6:55 PM,New Moon,0,,,,,,,,,,,,,,,,,,
21/04/2020,24,12,53,8,13,64,ENE,122,http://cdn.worldweatheronline.com/images/wsymbols01_png_64/wsymbol_0004_black_low_cloud.png,Overcast,0,0,84,10,6,1018,31,52,8,47,5,42,6,43,13,22,6,43
22/04/2020,15,58,6,42,6:22 AM,8:44 PM,6:40 AM,8:02 PM,New Moon,0,,,,,,,,,,,,,,,,,,
22/04/2020,24,15,58,5,8,71,ENE,116,http://cdn.worldweatheronline.com/images/wsymbols01_png_64/wsymbol_0002_sunny_intervals.png,Partly cloudy,0,0,81,10,6,1021,31,30,10,50,7,44,9,48,9,14,9,48
23/04/2020,15,59,8,46,6:19 AM,8:46 PM,6:57 AM,9:10 PM,New Moon,0,,,,,,,,,,,,,,,,,,
23/04/2020,24,15,59,4,7,108,ESE,122,http://cdn.worldweatheronline.com/images/wsymbols01_png_64/wsymbol_0004_black_low_cloud.png,Overcast,0,0,84,10,6,1020,31,49,11,52,8,47,11,51,7,11,11,51
24/04/2020,16,61,8,47,6:17 AM,8:47 PM,7:15 AM,10:19 PM,Waxing Crescent,7,,,,,,,,,,,,,,,,,,
24/04/2020,24,16,61,3,5,134,SE,176,http://cdn.worldweatheronline.com/images/wsymbols01_png_64/wsymbol_0009_light_rain_showers.png,Patchy rain possible,0.2,0,82,9,5,1016,30,50,12,54,9,48,12,54,4,7,12,54
25/04/2020,15,59,8,47,6:15 AM,8:49 PM,7:37 AM,11:29 PM,Waxing Crescent,15,,,,,,,,,,,,,,,,,,
25/04/2020,24,15,59,5,8,120,ESE,122,http://cdn.worldweatheronline.com/images/wsymbols01_png_64/wsymbol_0004_black_low_cloud.png,Overcast,0.1,0,88,6,3,1013,30,72,11,52,9,49,11,51,7,12,11,51
26/04/2020,13,56,8,46,6:13 AM,8:51 PM,8:04 AM,No moonset,Waxing Crescent,22,,,,,,,,,,,,,,,,,,
26/04/2020,24,13,56,3,5,123,ESE,122,http://cdn.worldweatheronline.com/images/wsymbols01_png_64/wsymbol_0004_black_low_cloud.png,Overcast,0,0,89,7,4,1011,30,76,10,51,9,47,10,50,5,8,10,50
27/04/2020,9,49,1,35,6:11 AM,8:53 PM,8:39 AM,12:36 AM,Waxing Crescent,30,,,,,,,,,,,,,,,,,,
27/04/2020,24,9,49,6,9,82,E,353,http://cdn.worldweatheronline.com/images/wsymbols01_png_64/wsymbol_0009_light_rain_showers.png,Light rain shower,1.5,0.1,90,8,4,1009,30,82,7,45,6,43,5,41,8,13,5,41
28/04/2020,11,52,5,42,6:09 AM,8:54 PM,9:25 AM,1:40 AM,Waxing Crescent,37,,,,,,,,,,,,,,,,,,
28/04/2020,24,11,52,5,8,170,S,353,http://cdn.worldweatheronline.com/images/wsymbols01_png_64/wsymbol_0009_light_rain_showers.png,Light rain shower,1.1,0,88,9,5,1005,30,69,8,47,6,43,7,45,8,13,7,45
29/04/2020,11,52,5,40,6:08 AM,8:56 PM,10:22 AM,2:35 AM,First Quarter,45,,,,,,,,,,,,,,,,,,
29/04/2020,24,11,52,13,20,236,WSW,353,http://cdn.worldweatheronline.com/images/wsymbols01_png_64/wsymbol_0009_light_rain_showers.png,Light rain shower,21.2,0.8,84,9,5,994,30,82,8,47,5,41,5,41,19,30,5,41
30/04/2020,12,54,3,37,6:06 AM,8:58 PM,11:30 AM,3:21 AM,First Quarter,52,,,,,,,,,,,,,,,,,,
30/04/2020,24,12,54,8,12,279,W,299,http://cdn.worldweatheronline.com/images/wsymbols01_png_64/wsymbol_0010_heavy_rain_showers.png,Moderate rain at times,4.8,0.2,81,10,5,992,30,41,7,45,4,40,5,41,12,20,5,41
01/05/2020,12,54,4,39,6:04 AM,8:59 PM,12:47 PM,3:57 AM,First Quarter,58,,,,,,,,,,,,,,,,,,
01/05/2020,24,12,54,10,17,290,WNW,176,http://cdn.worldweatheronline.com/images/wsymbols01_png_64/wsymbol_0009_light_rain_showers.png,Patchy rain possible,0.5,0,81,10,6,1002,30,18,8,47,4,40,6,42,16,26,6,42
02/05/2020,13,55,3,37,6:02 AM,9:01 PM,2:08 PM,4:27 AM,First Quarter,65,,,,,,,,,,,,,,,,,,
02/05/2020,24,13,55,7,12,109,ESE,116,http://cdn.worldweatheronline.com/images/wsymbols01_png_64/wsymbol_0002_sunny_intervals.png,Partly cloudy,0,0,82,8,4,1011,30,28,8,46,5,40,6,42,11,18,6,42
03/05/2020,11,51,7,44,6:00 AM,9:03 PM,3:33 PM,4:51 AM,Waxing Gibbous,72,,,,,,,,,,,,,,,,,,
03/05/2020,24,11,51,8,13,99,E,266,http://cdn.worldweatheronline.com/images/wsymbols01_png_64/wsymbol_0017_cloudy_with_light_rain.png,Light drizzle,3.3,0.1,93,8,4,1014,30,95,9,48,8,46,7,44,12,20,7,44
04/05/2020,13,55,6,44,5:58 AM,9:04 PM,4:58 PM,5:13 AM,Waxing Gibbous,80,,,,,,,,,,,,,,,,,,
04/05/2020,24,13,55,12,20,79,ENE,116,http://cdn.worldweatheronline.com/images/wsymbols01_png_64/wsymbol_0002_sunny_intervals.png,Partly cloudy,0,0,78,9,5,1018,31,20,10,49,6,43,7,45,18,29,7,45
05/05/2020,10,51,7,44,5:57 AM,9:06 PM,6:25 PM,5:33 AM,Waxing Gibbous,87,,,,,,,,,,,,,,,,,,
05/05/2020,24,10,51,19,30,91,E,266,http://cdn.worldweatheronline.com/images/wsymbols01_png_64/wsymbol_0017_cloudy_with_light_rain.png,Light drizzle,0.6,0,83,9,5,1015,30,80,9,49,7,44,6,43,29,47,6,43
06/05/2020,10,50,2,36,5:55 AM,9:08 PM,7:53 PM,5:53 AM,Waxing Gibbous,94,,,,,,,,,,,,,,,,,,
06/05/2020,24,10,50,15,24,110,ESE,302,http://cdn.worldweatheronline.com/images/wsymbols01_png_64/wsymbol_0018_cloudy_with_heavy_rain.png,Moderate rain,4,0.2,96,9,5,1020,31,100,9,48,9,49,6,43,23,36,6,43
07/05/2020,15,59,10,49,5:53 AM,9:09 PM,9:21 PM,6:16 AM,Full Moon,100,,,,,,,,,,,,,,,,,,
07/05/2020,24,15,59,10,16,191,S,266,http://cdn.worldweatheronline.com/images/wsymbols01_png_64/wsymbol_0017_cloudy_with_light_rain.png,Light drizzle,2.7,0.1,93,8,4,1018,31,85,12,53,11,51,10,51,15,23,10,51
08/05/2020,16,61,8,46,5:51 AM,9:11 PM,10:46 PM,6:42 AM,Full Moon,100,,,,,,,,,,,,,,,,,,
08/05/2020,24,16,61,4,7,141,SE,116,http://cdn.worldweatheronline.com/images/wsymbols01_png_64/wsymbol_0002_sunny_intervals.png,Partly cloudy,0,0,87,6,3,1017,31,49,12,53,10,49,12,53,6,9,12,53
09/05/2020,17,63,9,48,5:50 AM,9:13 PM,No moonrise,7:16 AM,Waxing Gibbous,84,,,,,,,,,,,,,,,,,,
09/05/2020,24,17,63,4,7,104,ESE,116,http://cdn.worldweatheronline.com/images/wsymbols01_png_64/wsymbol_0002_sunny_intervals.png,Partly cloudy,0.7,0,83,8,4,1013,30,43,13,55,10,50,13,55,6,10,13,55
10/05/2020,15,60,9,47,5:48 AM,9:14 PM,12:05 AM,7:59 AM,Waning Gibbous,77,,,,,,,,,,,,,,,,,,
10/05/2020,24,15,60,12,19,32,NNE,122,http://cdn.worldweatheronline.com/images/wsymbols01_png_64/wsymbol_0004_black_low_cloud.png,Overcast,0.4,0,84,9,5,1013,30,84,12,53,9,48,10,50,17,27,10,50
11/05/2020,10,49,3,37,5:46 AM,9:16 PM,1:13 AM,8:51 AM,Waning Gibbous,70,,,,,,,,,,,,,,,,,,
11/05/2020,24,10,49,14,23,64,ENE,116,http://cdn.worldweatheronline.com/images/wsymbols01_png_64/wsymbol_0002_sunny_intervals.png,Partly cloudy,0,0,66,10,6,1025,31,12,7,44,1,33,3,37,20,33,3,37
12/05/2020,11,52,0,31,5:45 AM,9:17 PM,2:06 AM,9:54 AM,Waning Gibbous,62,,,,,,,,,,,,,,,,,,
12/05/2020,24,11,52,5,8,94,E,116,http://cdn.worldweatheronline.com/images/wsymbols01_png_64/wsymbol_0002_sunny_intervals.png,Partly cloudy,0,0,72,10,6,1024,31,12,6,42,1,34,4,40,7,12,4,40
13/05/2020,12,53,2,35,5:43 AM,9:19 PM,2:47 AM,11:01 AM,Waning Gibbous,55,,,,,,,,,,,,,,,,,,
13/05/2020,24,12,53,9,14,61,ENE,119,http://cdn.worldweatheronline.com/images/wsymbols01_png_64/wsymbol_0003_white_cloud.png,Cloudy,0,0,79,9,5,1020,31,21,7,44,3,38,4,40,14,22,4,40
14/05/2020,12,54,0,32,5:42 AM,9:20 PM,3:18 AM,12:11 PM,Last Quarter,48,,,,,,,,,,,,,,,,,,
14/05/2020,24,12,54,5,8,125,SE,176,http://cdn.worldweatheronline.com/images/wsymbols01_png_64/wsymbol_0009_light_rain_showers.png,Patchy rain possible,0.2,0,77,10,6,1025,31,30,7,45,3,37,6,42,8,13,6,42
15/05/2020,13,56,3,38,5:40 AM,9:22 PM,3:42 AM,1:21 PM,Last Quarter,40,,,,,,,,,,,,,,,,,,
15/05/2020,24,13,56,5,9,288,WNW,176,http://cdn.worldweatheronline.com/images/wsymbols01_png_64/wsymbol_0009_light_rain_showers.png,Patchy rain possible,0.1,0,80,9,5,1027,31,27,9,48,5,41,7,45,9,14,7,45
16/05/2020,13,56,4,38,5:39 AM,9:24 PM,4:01 AM,2:29 PM,Last Quarter,33,,,,,,,,,,,,,,,,,,
16/05/2020,24,13,56,8,13,225,SW,119,http://cdn.worldweatheronline.com/images/wsymbols01_png_64/wsymbol_0003_white_cloud.png,Cloudy,0,0,80,10,6,1026,31,34,9,48,6,42,7,45,11,18,7,45
17/05/2020,13,55,7,45,5:37 AM,9:25 PM,4:18 AM,3:37 PM,Waning Crescent,26,,,,,,,,,,,,,,,,,,
17/05/2020,24,13,55,13,21,213,SSW,176,http://cdn.worldweatheronline.com/images/wsymbols01_png_64/wsymbol_0009_light_rain_showers.png,Patchy rain possible,0.1,0,86,10,6,1022,31,81,10,50,8,46,8,46,19,30,8,46
18/05/2020,16,60,10,51,5:36 AM,9:27 PM,4:33 AM,4:43 PM,Waning Crescent,19,,,,,,,,,,,,,,,,,,
18/05/2020,24,16,60,13,20,223,SW,176,http://cdn.worldweatheronline.com/images/wsymbols01_png_64/wsymbol_0009_light_rain_showers.png,Patchy rain possible,0.2,0,90,10,6,1022,31,95,13,55,11,52,11,52,18,28,11,52
19/05/2020,17,63,11,51,5:34 AM,9:28 PM,4:48 AM,5:51 PM,Waning Crescent,11,,,,,,,,,,,,,,,,,,
19/05/2020,24,17,63,9,15,211,SSW,116,http://cdn.worldweatheronline.com/images/wsymbols01_png_64/wsymbol_0002_sunny_intervals.png,Partly cloudy,0,0,89,8,4,1022,31,58,14,56,12,53,13,55,13,21,13,55
20/05/2020,15,59,10,50,5:33 AM,9:29 PM,5:04 AM,6:59 PM,Waning Crescent,4,,,,,,,,,,,,,,,,,,
20/05/2020,24,15,59,10,17,184,S,116,http://cdn.worldweatheronline.com/images/wsymbols01_png_64/wsymbol_0002_sunny_intervals.png,Partly cloudy,0.1,0,86,9,5,1018,31,44,13,55,10,51,11,53,14,23,11,53
21/05/2020,14,58,7,45,5:32 AM,9:31 PM,5:21 AM,8:08 PM,New Moon,0,,,,,,,,,,,,,,,,,,
21/05/2020,24,14,58,12,19,154,SSE,176,http://cdn.worldweatheronline.com/images/wsymbols01_png_64/wsymbol_0009_light_rain_showers.png,Patchy rain possible,8,0.3,85,7,4,1016,30,51,11,52,9,48,9,49,17,28,9,49
22/05/2020,14,57,10,49,5:31 AM,9:32 PM,5:42 AM,9:19 PM,New Moon,0,,,,,,,,,,,,,,,,,,
22/05/2020,24,14,57,24,39,239,WSW,353,http://cdn.worldweatheronline.com/images/wsymbols01_png_64/wsymbol_0009_light_rain_showers.png,Light rain shower,14,0.6,76,9,5,1008,30,64,11,52,7,45,8,46,36,58,8,46
23/05/2020,14,56,9,48,5:29 AM,9:34 PM,6:07 AM,10:28 PM,Waxing Crescent,3,,,,,,,,,,,,,,,,,,
23/05/2020,24,14,56,17,27,262,W,353,http://cdn.worldweatheronline.com/images/wsymbols01_png_64/wsymbol_0009_light_rain_showers.png,Light rain shower,0.6,0,73,10,6,1021,31,62,11,52,7,44,8,47,25,41,8,47
24/05/2020,15,59,8,47,5:28 AM,9:35 PM,6:39 AM,11:34 PM,Waxing Crescent,10,,,,,,,,,,,,,,,,,,
24/05/2020,24,15,59,10,16,226,SW,116,http://cdn.worldweatheronline.com/images/wsymbols01_png_64/wsymbol_0002_sunny_intervals.png,Partly cloudy,0,0,81,10,6,1031,31,20,12,53,8,47,10,50,14,23,10,50
25/05/2020,15,58,8,46,5:27 AM,9:36 PM,7:22 AM,No moonset,Waxing Crescent,17,,,,,,,,,,,,,,,,,,
25/05/2020,24,15,58,11,18,202,SSW,122,http://cdn.worldweatheronline.com/images/wsymbols01_png_64/wsymbol_0004_black_low_cloud.png,Overcast,0,0,88,8,4,1033,31,59,11,52,9,49,9,49,16,26,9,49
26/05/2020,18,64,12,53,5:26 AM,9:38 PM,8:15 AM,12:33 AM,Waxing Crescent,25,,,,,,,,,,,,,,,,,,
26/05/2020,24,18,64,3,5,140,SE,353,http://cdn.worldweatheronline.com/images/wsymbols01_png_64/wsymbol_0009_light_rain_showers.png,Light rain shower,0.4,0,90,6,3,1036,31,72,15,58,13,55,15,58,5,8,15,58
27/05/2020,18,65,11,52,5:25 AM,9:39 PM,9:21 AM,1:22 AM,Waxing Crescent,32,,,,,,,,,,,,,,,,,,
27/05/2020,24,18,65,5,8,112,ESE,116,http://cdn.worldweatheronline.com/images/wsymbols01_png_64/wsymbol_0002_sunny_intervals.png,Partly cloudy,0,0,85,7,4,1036,31,33,14,58,12,53,14,58,8,12,14,58
28/05/2020,18,64,10,50,5:24 AM,9:40 PM,10:34 AM,2:01 AM,First Quarter,39,,,,,,,,,,,,,,,,,,
28/05/2020,24,18,64,11,18,125,SE,116,http://cdn.worldweatheronline.com/images/wsymbols01_png_64/wsymbol_0002_sunny_intervals.png,Partly cloudy,0,0,83,10,6,1030,31,14,14,57,11,52,13,56,17,27,13,56
29/05/2020,17,62,12,54,5:23 AM,9:41 PM,11:53 AM,2:31 AM,First Quarter,47,,,,,,,,,,,,,,,,,,
29/05/2020,24,17,62,12,20,137,SE,116,http://cdn.worldweatheronline.com/images/wsymbols01_png_64/wsymbol_0002_sunny_intervals.png,Partly cloudy,0,0,81,10,6,1023,31,27,14,57,11,51,13,55,19,30,13,55
30/05/2020,17,62,11,52,5:22 AM,9:42 PM,1:15 PM,2:57 AM,First Quarter,54,,,,,,,,,,,,,,,,,,
30/05/2020,24,17,62,10,16,118,ESE,116,http://cdn.worldweatheronline.com/images/wsymbols01_png_64/wsymbol_0002_sunny_intervals.png,Partly cloudy,0,0,86,8,4,1020,31,26,14,57,11,52,13,55,14,23,13,55
31/05/2020,17,62,11,51,5:21 AM,9:44 PM,2:37 PM,3:18 AM,First Quarter,58,,,,,,,,,,,,,,,,,,
31/05/2020,24,17,62,9,15,94,E,116,http://cdn.worldweatheronline.com/images/wsymbols01_png_64/wsymbol_0002_sunny_intervals.png,Partly cloudy,0,0,84,9,5,1020,31,13,14,57,11,52,14,57,14,23,14,57
01/06/2020,18,65,10,51,5:20 AM,9:45 PM,4:00 PM,3:38 AM,Waxing Gibbous,71,,,,,,,,,,,,,,,,,,
01/06/2020,24,18,65,6,10,91,E,122,http://cdn.worldweatheronline.com/images/wsymbols01_png_64/wsymbol_0004_black_low_cloud.png,Overcast,0,0,76,10,6,1024,31,33,14,58,10,50,14,57,10,16,14,57
02/06/2020,22,72,11,52,5:20 AM,9:46 PM,5:25 PM,3:57 AM,Waxing Gibbous,79,,,,,,,,,,,,,,,,,,
02/06/2020,24,22,72,6,10,336,NNW,116,http://cdn.worldweatheronline.com/images/wsymbols01_png_64/wsymbol_0002_sunny_intervals.png,Partly cloudy,0,0,75,10,6,1022,31,15,18,64,12,53,17,62,10,16,17,62
03/06/2020,16,61,12,53,5:19 AM,9:47 PM,6:51 PM,4:17 AM,Waxing Gibbous,86,,,,,,,,,,,,,,,,,,
03/06/2020,24,16,61,14,22,99,E,176,http://cdn.worldweatheronline.com/images/wsymbols01_png_64/wsymbol_0009_light_rain_showers.png,Patchy rain possible,0.7,0,79,10,6,1015,30,80,14,57,10,50,13,55,19,31,13,55
04/06/2020,14,57,6,43,5:18 AM,9:48 PM,8:16 PM,4:41 AM,Waxing Gibbous,94,,,,,,,,,,,,,,,,,,
04/06/2020,24,14,57,13,21,307,NW,122,http://cdn.worldweatheronline.com/images/wsymbols01_png_64/wsymbol_0004_black_low_cloud.png,Overcast,0.1,0,81,10,6,1010,30,85,11,52,8,47,8,47,19,30,8,47
05/06/2020,15,58,8,46,5:18 AM,9:49 PM,9:39 PM,5:10 AM,Full Moon,100,,,,,,,,,,,,,,,,,,
05/06/2020,24,15,58,13,21,321,NW,176,http://cdn.worldweatheronline.com/images/wsymbols01_png_64/wsymbol_0009_light_rain_showers.png,Patchy rain possible,0.5,0,74,10,6,1005,30,80,11,52,7,44,9,48,19,30,9,48
06/06/2020,13,55,5,40,5:17 AM,9:49 PM,10:53 PM,5:48 AM,Full Moon,100,,,,,,,,,,,,,,,,,,
06/06/2020,24,13,55,16,26,317,NW,353,http://cdn.worldweatheronline.com/images/wsymbols01_png_64/wsymbol_0009_light_rain_showers.png,Light rain shower,0.4,0,76,10,6,1008,30,60,9,48,5,41,6,42,24,39,6,42
07/06/2020,16,60,9,48,5:16 AM,9:50 PM,11:55 PM,6:35 AM,Waxing Gibbous,84,,,,,,,,,,,,,,,,,,
07/06/2020,24,16,60,11,18,346,NNW,122,http://cdn.worldweatheronline.com/images/wsymbols01_png_64/wsymbol_0004_black_low_cloud.png,Overcast,0,0,77,10,6,1014,30,69,12,53,8,46,10,50,16,26,10,50
08/06/2020,15,59,7,45,5:16 AM,9:51 PM,No moonrise,7:35 AM,Waxing Gibbous,76,,,,,,,,,,,,,,,,,,
08/06/2020,24,15,59,7,11,310,NW,176,http://cdn.worldweatheronline.com/images/wsymbols01_png_64/wsymbol_0009_light_rain_showers.png,Patchy rain possible,0.1,0,75,10,6,1020,31,54,11,53,7,45,10,50,11,18,10,50
09/06/2020,15,59,6,43,5:16 AM,9:52 PM,12:42 AM,8:41 AM,Waning Gibbous,69,,,,,,,,,,,,,,,,,,
09/06/2020,24,15,59,6,10,251,WSW,119,http://cdn.worldweatheronline.com/images/wsymbols01_png_64/wsymbol_0003_white_cloud.png,Cloudy,0,0,77,10,6,1021,31,46,11,52,7,45,10,50,10,16,10,50
