01/01/2020,7,45,1,33,9:41 AM,5:17 PM,1:05 PM,No moonset,Waxing Crescent,37,,,,,,,,,,,,,,,,,,
01/01/2020,24,7,45,5,8,201,SSW,116,http://cdn.worldweatheronline.com/images/wsymbols01_png_64/wsymbol_0002_sunny_intervals.png,Partly cloudy,0,0,88,10,6,1025,31,20,5,41,4,38,4,38,9,14,4,38
02/01/2020,11,52,6,42,9:40 AM,5:18 PM,1:20 PM,12:08 AM,First Quarter,44,,,,,,,,,,,,,,,,,,
02/01/2020,24,11,52,11,18,198,SSW,176,http://cdn.worldweatheronline.com/images/wsymbols01_png_64/wsymbol_0009_light_rain_showers.png,Patchy rain possible,0.3,0,87,10,6,1009,30,58,8,47,6,43,6,42,20,33,6,42
03/01/2020,6,44,1,34,9:40 AM,5:19 PM,1:35 PM,1:16 AM,First Quarter,51,,,,,,,,,,,,,,,,,,
03/01/2020,24,6,44,13,21,272,W,116,http://cdn.worldweatheronline.com/images/wsymbols01_png_64/wsymbol_0002_sunny_intervals.png,Partly cloudy,1.2,0,84,10,6,1022,31,39,5,42,3,37,2,35,21,34,2,35
04/01/2020,8,47,5,41,9:40 AM,5:20 PM,1:50 PM,2:24 AM,First Quarter,59,,,,,,,,,,,,,,,,,,
04/01/2020,24,8,47,12,19,231,SW,119,http://cdn.worldweatheronline.com/images/wsymbols01_png_64/wsymbol_0003_white_cloud.png,Cloudy,0,0,85,10,6,1032,31,62,7,45,5,40,4,39,18,30,4,39
05/01/2020,10,51,7,45,9:40 AM,5:22 PM,2:07 PM,3:34 AM,First Quarter,66,,,,,,,,,,,,,,,,,,
05/01/2020,24,10,51,12,19,216,SW,176,http://cdn.worldweatheronline.com/images/wsymbols01_png_64/wsymbol_0009_light_rain_showers.png,Patchy rain possible,0.1,0,85,10,6,1026,31,53,9,47,6,43,6,42,19,31,6,42
06/01/2020,9,49,5,41,9:39 AM,5:23 PM,2:27 PM,4:45 AM,Waxing Gibbous,73,,,,,,,,,,,,,,,,,,
06/01/2020,24,9,49,13,22,242,WSW,293,http://cdn.worldweatheronline.com/images/wsymbols01_png_64/wsymbol_0017_cloudy_with_light_rain.png,Patchy light rain,1.5,0.1,83,9,5,1013,30,54,8,46,5,41,4,40,22,35,4,40
07/01/2020,14,58,5,42,9:39 AM,5:24 PM,2:52 PM,5:58 AM,Waxing Gibbous,80,,,,,,,,,,,,,,,,,,
07/01/2020,24,14,58,16,27,216,SW,293,http://cdn.worldweatheronline.com/images/wsymbols01_png_64/wsymbol_0017_cloudy_with_light_rain.png,Patchy light rain,1.8,0.1,83,9,5,1011,30,80,11,51,8,46,8,46,27,44,8,46
08/01/2020,7,45,4,39,9:38 AM,5:26 PM,3:25 PM,7:12 AM,Waxing Gibbous,88,,,,,,,,,,,,,,,,,,
08/01/2020,24,7,45,9,15,238,WSW,122,http://cdn.worldweatheronline.com/images/wsymbols01_png_64/wsymbol_0004_black_low_cloud.png,Overcast,0,0,79,10,6,1018,31,71,6,43,3,37,3,38,15,24,3,38
09/01/2020,5,42,1,34,9:38 AM,5:27 PM,4:09 PM,8:23 AM,Waxing Gibbous,95,,,,,,,,,,,,,,,,,,
09/01/2020,24,5,42,9,15,323,NW,176,http://cdn.worldweatheronline.com/images/wsymbols01_png_64/wsymbol_0009_light_rain_showers.png,Patchy rain possible,7.3,0.3,92,7,4,1006,30,84,4,39,3,37,1,33,14,22,1,33
10/01/2020,6,43,-1,31,9:37 AM,5:29 PM,5:07 PM,9:27 AM,Full Moon,100,,,,,,,,,,,,,,,,,,
10/01/2020,24,6,43,11,17,204,SSW,122,http://cdn.worldweatheronline.com/images/wsymbols01_png_64/wsymbol_0004_black_low_cloud.png,Overcast,0.1,0,86,10,6,1020,31,35,3,37,2,35,-1,31,19,31,-1,31
11/01/2020,13,55,7,44,9:36 AM,5:30 PM,6:18 PM,10:19 AM,Full Moon,100,,,,,,,,,,,,,,,,,,
11/01/2020,24,13,55,18,29,231,SW,302,http://cdn.worldweatheronline.com/images/wsymbols01_png_64/wsymbol_0018_cloudy_with_heavy_rain.png,Moderate rain,6.6,0.3,85,9,5,1011,30,78,10,50,8,46,7,44,29,47,7,44
12/01/2020,7,44,4,39,9:36 AM,5:32 PM,7:39 PM,11:00 AM,Waxing Gibbous,83,,,,,,,,,,,,,,,,,,
12/01/2020,24,7,44,10,16,242,WSW,263,http://cdn.worldweatheronline.com/images/wsymbols01_png_64/wsymbol_0009_light_rain_showers.png,Patchy light drizzle,2.8,0.1,87,9,5,1013,30,56,5,41,3,38,2,35,17,27,2,35
13/01/2020,9,48,4,38,9:35 AM,5:33 PM,9:04 PM,11:31 AM,Waning Gibbous,76,,,,,,,,,,,,,,,,,,
13/01/2020,24,9,48,20,32,200,SSW,299,http://cdn.worldweatheronline.com/images/wsymbols01_png_64/wsymbol_0010_heavy_rain_showers.png,Moderate rain at times,6.9,0.3,78,10,5,994,30,60,6,43,2,36,1,34,31,50,1,34
14/01/2020,5,42,3,37,9:34 AM,5:35 PM,10:29 PM,11:56 AM,Waning Gibbous,69,,,,,,,,,,,,,,,,,,
14/01/2020,24,5,42,14,23,232,SW,296,http://cdn.worldweatheronline.com/images/wsymbols01_png_64/wsymbol_0017_cloudy_with_light_rain.png,Light rain,2.6,0.1,82,8,5,986,30,61,4,39,1,34,-1,31,23,37,-1,31
15/01/2020,7,44,3,37,9:33 AM,5:36 PM,11:54 PM,12:16 PM,Waning Gibbous,61,,,,,,,,,,,,,,,,,,
15/01/2020,24,7,44,18,29,228,SW,116,http://cdn.worldweatheronline.com/images/wsymbols01_png_64/wsymbol_0002_sunny_intervals.png,Partly cloudy,0,0,72,10,6,998,30,9,5,40,0,32,0,31,30,48,0,31
16/01/2020,10,51,5,41,9:32 AM,5:38 PM,No moonrise,12:35 PM,Waning Gibbous,54,,,,,,,,,,,,,,,,,,
16/01/2020,24,10,51,17,27,193,SSW,353,http://cdn.worldweatheronline.com/images/wsymbols01_png_64/wsymbol_0009_light_rain_showers.png,Light rain shower,6.5,0.3,85,9,5,1000,30,74,8,46,5,42,4,39,27,44,4,39
17/01/2020,5,41,1,34,9:31 AM,5:40 PM,1:17 AM,12:54 PM,Last Quarter,47,,,,,,,,,,,,,,,,,,
17/01/2020,24,5,41,11,18,265,W,266,http://cdn.worldweatheronline.com/images/wsymbols01_png_64/wsymbol_0017_cloudy_with_light_rain.png,Light drizzle,0.2,0,85,9,5,1010,30,51,3,38,1,34,-1,31,19,31,-1,31
18/01/2020,5,40,0,31,9:30 AM,5:41 PM,2:38 AM,1:13 PM,Last Quarter,40,,,,,,,,,,,,,,,,,,
18/01/2020,24,5,40,8,12,267,W,119,http://cdn.worldweatheronline.com/images/wsymbols01_png_64/wsymbol_0003_white_cloud.png,Cloudy,0,0,84,10,6,1029,31,18,1,34,-1,30,-3,27,15,24,-3,27
19/01/2020,6,43,-2,29,9:29 AM,5:43 PM,4:00 AM,1:36 PM,Last Quarter,32,,,,,,,,,,,,,,,,,,
19/01/2020,24,6,43,6,10,222,SW,116,http://cdn.worldweatheronline.com/images/wsymbols01_png_64/wsymbol_0002_sunny_intervals.png,Partly cloudy,0,0,74,10,6,1044,31,10,2,36,-2,28,-1,31,12,19,-1,31
20/01/2020,7,44,2,35,9:28 AM,5:45 PM,5:19 AM,2:03 PM,Waning Crescent,25,,,,,,,,,,,,,,,,,,
20/01/2020,24,7,44,8,12,240,WSW,116,http://cdn.worldweatheronline.com/images/wsymbols01_png_64/wsymbol_0002_sunny_intervals.png,Partly cloudy,0,0,81,10,6,1046,31,8,3,38,0,32,0,32,15,24,0,32
21/01/2020,7,45,3,37,9:27 AM,5:47 PM,6:34 AM,2:37 PM,Waning Crescent,18,,,,,,,,,,,,,,,,,,
21/01/2020,24,7,45,8,13,255,WSW,122,http://cdn.worldweatheronline.com/images/wsymbols01_png_64/wsymbol_0004_black_low_cloud.png,Overcast,0,0,94,9,5,1042,31,88,5,42,5,41,3,37,14,22,3,37
22/01/2020,10,51,6,43,9:25 AM,5:49 PM,7:43 AM,3:21 PM,Waning Crescent,11,,,,,,,,,,,,,,,,,,
22/01/2020,24,10,51,3,5,248,WSW,143,http://cdn.worldweatheronline.com/images/wsymbols01_png_64/wsymbol_0006_mist.png,Mist,0,0,94,5,3,1039,31,73,8,46,7,44,7,45,6,9,7,45
23/01/2020,9,48,6,43,9:24 AM,5:50 PM,8:41 AM,4:14 PM,Waning Crescent,3,,,,,,,,,,,,,,,,,,
23/01/2020,24,9,48,5,8,260,W,143,http://cdn.worldweatheronline.com/images/wsymbols01_png_64/wsymbol_0006_mist.png,Mist,0,0,95,4,2,1032,31,62,7,45,6,44,6,43,9,14,6,43
24/01/2020,8,47,5,41,9:23 AM,5:52 PM,9:27 AM,5:17 PM,New Moon,0,,,,,,,,,,,,,,,,,,
24/01/2020,24,8,47,7,11,246,WSW,122,http://cdn.worldweatheronline.com/images/wsymbols01_png_64/wsymbol_0004_black_low_cloud.png,Overcast,0,0,92,7,4,1023,31,67,7,44,5,42,5,40,11,17,5,40
25/01/2020,9,48,5,41,9:21 AM,5:54 PM,10:03 AM,6:24 PM,New Moon,0,,,,,,,,,,,,,,,,,,
25/01/2020,24,9,48,8,13,193,SSW,176,http://cdn.worldweatheronline.com/images/wsymbols01_png_64/wsymbol_0009_light_rain_showers.png,Patchy rain possible,0.2,0,85,10,6,1013,30,69,7,44,4,40,4,40,13,21,4,40
26/01/2020,9,47,-2,29,9:20 AM,5:56 PM,10:30 AM,7:35 PM,Waxing Crescent,4,,,,,,,,,,,,,,,,,,
26/01/2020,24,9,47,12,19,239,WSW,293,http://cdn.worldweatheronline.com/images/wsymbols01_png_64/wsymbol_0017_cloudy_with_light_rain.png,Patchy light rain,4,0.2,80,10,6,1002,30,62,6,42,3,37,2,36,19,31,2,36
27/01/2020,6,42,1,34,9:19 AM,5:58 PM,10:52 AM,8:44 PM,Waxing Crescent,11,,,,,,,,,,,,,,,,,,
27/01/2020,24,6,42,12,19,209,SSW,122,http://cdn.worldweatheronline.com/images/wsymbols01_png_64/wsymbol_0004_black_low_cloud.png,Overcast,3.1,0.1,79,9,5,992,30,49,4,39,0,32,0,32,18,30,0,32
28/01/2020,5,41,0,33,9:17 AM,6:00 PM,11:10 AM,9:53 PM,Waxing Crescent,18,,,,,,,,,,,,,,,,,,
28/01/2020,24,5,41,18,29,260,W,176,http://cdn.worldweatheronline.com/images/wsymbols01_png_64/wsymbol_0009_light_rain_showers.png,Patchy rain possible,3.3,0.1,84,9,5,994,30,51,2,36,0,32,-3,26,28,45,-3,26
29/01/2020,8,46,1,34,9:15 AM,6:01 PM,11:26 AM,11:01 PM,Waxing Crescent,26,,,,,,,,,,,,,,,,,,
29/01/2020,24,8,46,16,26,236,WSW,176,http://cdn.worldweatheronline.com/images/wsymbols01_png_64/wsymbol_0009_light_rain_showers.png,Patchy rain possible,0.1,0,84,10,6,1004,30,54,5,41,2,36,0,32,26,42,0,32
30/01/2020,12,54,6,42,9:14 AM,6:03 PM,11:41 AM,No moonset,Waxing Crescent,33,,,,,,,,,,,,,,,,,,
30/01/2020,24,12,54,13,21,238,WSW,122,http://cdn.worldweatheronline.com/images/wsymbols01_png_64/wsymbol_0004_black_low_cloud.png,Overcast,0,0,85,10,6,999,30,64,9,47,6,43,6,42,20,33,6,42
31/01/2020,14,57,9,48,9:12 AM,6:05 PM,11:55 AM,12:09 AM,Waxing Crescent,37,,,,,,,,,,,,,,,,,,
31/01/2020,24,14,57,16,26,226,SW,176,http://cdn.worldweatheronline.com/images/wsymbols01_png_64/wsymbol_0009_light_rain_showers.png,Patchy rain possible,0.3,0,84,10,6,997,30,85,11,52,8,47,8,47,26,41,8,47
01/01/2020,7,45,1,33,9:41 AM,5:17 PM,1:05 PM,No moonset,Waxing Crescent,37,,,,,,,,,,,,,,,,,,
01/01/2020,24,7,45,5,8,201,SSW,116,http://cdn.worldweatheronline.com/images/wsymbols01_png_64/wsymbol_0002_sunny_intervals.png,Partly cloudy,0,0,88,10,6,1025,31,20,5,41,4,38,4,38,9,14,4,38
02/01/2020,11,52,6,42,9:40 AM,5:18 PM,1:20 PM,12:08 AM,First Quarter,44,,,,,,,,,,,,,,,,,,
02/01/2020,24,11,52,11,18,198,SSW,176,http://cdn.worldweatheronline.com/images/wsymbols01_png_64/wsymbol_0009_light_rain_showers.png,Patchy rain possible,0.3,0,87,10,6,1009,30,58,8,47,6,43,6,42,20,33,6,42
03/01/2020,6,44,1,34,9:40 AM,5:19 PM,1:35 PM,1:16 AM,First Quarter,51,,,,,,,,,,,,,,,,,,
03/01/2020,24,6,44,13,21,272,W,116,http://cdn.worldweatheronline.com/images/wsymbols01_png_64/wsymbol_0002_sunny_intervals.png,Partly cloudy,1.2,0,84,10,6,1022,31,39,5,42,3,37,2,35,21,34,2,35
04/01/2020,8,47,5,41,9:40 AM,5:20 PM,1:50 PM,2:24 AM,First Quarter,59,,,,,,,,,,,,,,,,,,
04/01/2020,24,8,47,12,19,231,SW,119,http://cdn.worldweatheronline.com/images/wsymbols01_png_64/wsymbol_0003_white_cloud.png,Cloudy,0,0,85,10,6,1032,31,62,7,45,5,40,4,39,18,30,4,39
05/01/2020,10,51,7,45,9:40 AM,5:22 PM,2:07 PM,3:34 AM,First Quarter,66,,,,,,,,,,,,,,,,,,
05/01/2020,24,10,51,12,19,216,SW,176,http://cdn.worldweatheronline.com/images/wsymbols01_png_64/wsymbol_0009_light_rain_showers.png,Patchy rain possible,0.1,0,85,10,6,1026,31,53,9,47,6,43,6,42,19,31,6,42
06/01/2020,9,49,5,41,9:39 AM,5:23 PM,2:27 PM,4:45 AM,Waxing Gibbous,73,,,,,,,,,,,,,,,,,,
06/01/2020,24,9,49,13,22,242,WSW,293,http://cdn.worldweatheronline.com/images/wsymbols01_png_64/wsymbol_0017_cloudy_with_light_rain.png,Patchy light rain,1.5,0.1,83,9,5,1013,30,54,8,46,5,41,4,40,22,35,4,40
07/01/2020,14,58,5,42,9:39 AM,5:24 PM,2:52 PM,5:58 AM,Waxing Gibbous,80,,,,,,,,,,,,,,,,,,
07/01/2020,24,14,58,16,27,216,SW,293,http://cdn.worldweatheronline.com/images/wsymbols01_png_64/wsymbol_0017_cloudy_with_light_rain.png,Patchy light rain,1.8,0.1,83,9,5,1011,30,80,11,51,8,46,8,46,27,44,8,46
08/01/2020,7,45,4,39,9:38 AM,5:26 PM,3:25 PM,7:12 AM,Waxing Gibbous,88,,,,,,,,,,,,,,,,,,
08/01/2020,24,7,45,9,15,238,WSW,122,http://cdn.worldweatheronline.com/images/wsymbols01_png_64/wsymbol_0004_black_low_cloud.png,Overcast,0,0,79,10,6,1018,31,71,6,43,3,37,3,38,15,24,3,38
09/01/2020,5,42,1,34,9:38 AM,5:27 PM,4:09 PM,8:23 AM,Waxing Gibbous,95,,,,,,,,,,,,,,,,,,
09/01/2020,24,5,42,9,15,323,NW,176,http://cdn.worldweatheronline.com/images/wsymbols01_png_64/wsymbol_0009_light_rain_showers.png,Patchy rain possible,7.3,0.3,92,7,4,1006,30,84,4,39,3,37,1,33,14,22,1,33
10/01/2020,6,43,-1,31,9:37 AM,5:29 PM,5:07 PM,9:27 AM,Full Moon,100,,,,,,,,,,,,,,,,,,
10/01/2020,24,6,43,11,17,204,SSW,122,http://cdn.worldweatheronline.com/images/wsymbols01_png_64/wsymbol_0004_black_low_cloud.png,Overcast,0.1,0,86,10,6,1020,31,35,3,37,2,35,-1,31,19,31,-1,31
11/01/2020,13,55,7,44,9:36 AM,5:30 PM,6:18 PM,10:19 AM,Full Moon,100,,,,,,,,,,,,,,,,,,
11/01/2020,24,13,55,18,29,231,SW,302,http://cdn.worldweatheronline.com/images/wsymbols01_png_64/wsymbol_0018_cloudy_with_heavy_rain.png,Moderate rain,6.6,0.3,85,9,5,1011,30,78,10,50,8,46,7,44,29,47,7,44
12/01/2020,7,44,4,39,9:36 AM,5:32 PM,7:39 PM,11:00 AM,Waxing Gibbous,83,,,,,,,,,,,,,,,,,,
12/01/2020,24,7,44,10,16,242,WSW,263,http://cdn.worldweatheronline.com/images/wsymbols01_png_64/wsymbol_0009_light_rain_showers.png,Patchy light drizzle,2.8,0.1,87,9,5,1013,30,56,5,41,3,38,2,35,17,27,2,35
13/01/2020,9,48,4,38,9:35 AM,5:33 PM,9:04 PM,11:31 AM,Waning Gibbous,76,,,,,,,,,,,,,,,,,,
13/01/2020,24,9,48,20,32,200,SSW,299,http://cdn.worldweatheronline.com/images/wsymbols01_png_64/wsymbol_0010_heavy_rain_showers.png,Moderate rain at times,6.9,0.3,78,10,5,994,30,60,6,43,2,36,1,34,31,50,1,34
14/01/2020,5,42,3,37,9:34 AM,5:35 PM,10:29 PM,11:56 AM,Waning Gibbous,69,,,,,,,,,,,,,,,,,,
14/01/2020,24,5,42,14,23,232,SW,296,http://cdn.worldweatheronline.com/images/wsymbols01_png_64/wsymbol_0017_cloudy_with_light_rain.png,Light rain,2.6,0.1,82,8,5,986,30,61,4,39,1,34,-1,31,23,37,-1,31
15/01/2020,7,44,3,37,9:33 AM,5:36 PM,11:54 PM,12:16 PM,Waning Gibbous,61,,,,,,,,,,,,,,,,,,
15/01/2020,24,7,44,18,29,228,SW,116,http://cdn.worldweatheronline.com/images/wsymbols01_png_64/wsymbol_0002_sunny_intervals.png,Partly cloudy,0,0,72,10,6,998,30,9,5,40,0,32,0,31,30,48,0,31
16/01/2020,10,51,5,41,9:32 AM,5:38 PM,No moonrise,12:35 PM,Waning Gibbous,54,,,,,,,,,,,,,,,,,,
16/01/2020,24,10,51,17,27,193,SSW,353,http://cdn.worldweatheronline.com/images/wsymbols01_png_64/wsymbol_0009_light_rain_showers.png,Light rain shower,6.5,0.3,85,9,5,1000,30,74,8,46,5,42,4,39,27,44,4,39
17/01/2020,5,41,1,34,9:31 AM,5:40 PM,1:17 AM,12:54 PM,Last Quarter,47,,,,,,,,,,,,,,,,,,
17/01/2020,24,5,41,11,18,265,W,266,http://cdn.worldweatheronline.com/images/wsymbols01_png_64/wsymbol_0017_cloudy_with_light_rain.png,Light drizzle,0.2,0,85,9,5,1010,30,51,3,38,1,34,-1,31,19,31,-1,31
18/01/2020,5,40,0,31,9:30 AM,5:41 PM,2:38 AM,1:13 PM,Last Quarter,40,,,,,,,,,,,,,,,,,,
18/01/2020,24,5,40,8,12,267,W,119,http://cdn.worldweatheronline.com/images/wsymbols01_png_64/wsymbol_0003_white_cloud.png,Cloudy,0,0,84,10,6,1029,31,18,1,34,-1,30,-3,27,15,24,-3,27
19/01/2020,6,43,-2,29,9:29 AM,5:43 PM,4:00 AM,1:36 PM,Last Quarter,32,,,,,,,,,,,,,,,,,,
19/01/2020,24,6,43,6,10,222,SW,116,http://cdn.worldweatheronline.com/images/wsymbols01_png_64/wsymbol_0002_sunny_intervals.png,Partly cloudy,0,0,74,10,6,1044,31,10,2,36,-2,28,-1,31,12,19,-1,31
20/01/2020,7,44,2,35,9:28 AM,5:45 PM,5:19 AM,2:03 PM,Waning Crescent,25,,,,,,,,,,,,,,,,,,
20/01/2020,24,7,44,8,12,240,WSW,116,http://cdn.worldweatheronline.com/images/wsymbols01_png_64/wsymbol_0002_sunny_intervals.png,Partly cloudy,0,0,81,10,6,1046,31,8,3,38,0,32,0,32,15,24,0,32
21/01/2020,7,45,3,37,9:27 AM,5:47 PM,6:34 AM,2:37 PM,Waning Crescent,18,,,,,,,,,,,,,,,,,,
21/01/2020,24,7,45,8,13,255,WSW,122,http://cdn.worldweatheronline.com/images/wsymbols01_png_64/wsymbol_0004_black_low_cloud.png,Overcast,0,0,94,9,5,1042,31,88,5,42,5,41,3,37,14,22,3,37
22/01/2020,10,51,6,43,9:25 AM,5:49 PM,7:43 AM,3:21 PM,Waning Crescent,11,,,,,,,,,,,,,,,,,,
22/01/2020,24,10,51,3,5,248,WSW,143,http://cdn.worldweatheronline.com/images/wsymbols01_png_64/wsymbol_0006_mist.png,Mist,0,0,94,5,3,1039,31,73,8,46,7,44,7,45,6,9,7,45
23/01/2020,9,48,6,43,9:24 AM,5:50 PM,8:41 AM,4:14 PM,Waning Crescent,3,,,,,,,,,,,,,,,,,,
23/01/2020,24,9,48,5,8,260,W,143,http://cdn.worldweatheronline.com/images/wsymbols01_png_64/wsymbol_0006_mist.png,Mist,0,0,95,4,2,1032,31,62,7,45,6,44,6,43,9,14,6,43
24/01/2020,8,47,5,41,9:23 AM,5:52 PM,9:27 AM,5:17 PM,New Moon,0,,,,,,,,,,,,,,,,,,
24/01/2020,24,8,47,7,11,246,WSW,122,http://cdn.worldweatheronline.com/images/wsymbols01_png_64/wsymbol_0004_black_low_cloud.png,Overcast,0,0,92,7,4,1023,31,67,7,44,5,42,5,40,11,17,5,40
25/01/2020,9,48,5,41,9:21 AM,5:54 PM,10:03 AM,6:24 PM,New Moon,0,,,,,,,,,,,,,,,,,,
25/01/2020,24,9,48,8,13,193,SSW,176,http://cdn.worldweatheronline.com/images/wsymbols01_png_64/wsymbol_0009_light_rain_showers.png,Patchy rain possible,0.2,0,85,10,6,1013,30,69,7,44,4,40,4,40,13,21,4,40
26/01/2020,9,47,-2,29,9:20 AM,5:56 PM,10:30 AM,7:35 PM,Waxing Crescent,4,,,,,,,,,,,,,,,,,,
26/01/2020,24,9,47,12,19,239,WSW,293,http://cdn.worldweatheronline.com/images/wsymbols01_png_64/wsymbol_0017_cloudy_with_light_rain.png,Patchy light rain,4,0.2,80,10,6,1002,30,62,6,42,3,37,2,36,19,31,2,36
27/01/2020,6,42,1,34,9:19 AM,5:58 PM,10:52 AM,8:44 PM,Waxing Crescent,11,,,,,,,,,,,,,,,,,,
27/01/2020,24,6,42,12,19,209,SSW,122,http://cdn.worldweatheronline.com/images/wsymbols01_png_64/wsymbol_0004_black_low_cloud.png,Overcast,3.1,0.1,79,9,5,992,30,49,4,39,0,32,0,32,18,30,0,32
28/01/2020,5,41,0,33,9:17 AM,6:00 PM,11:10 AM,9:53 PM,Waxing Crescent,18,,,,,,,,,,,,,,,,,,
28/01/2020,24,5,41,18,29,260,W,176,http://cdn.worldweatheronline.com/images/wsymbols01_png_64/wsymbol_0009_light_rain_showers.png,Patchy rain possible,3.3,0.1,84,9,5,994,30,51,2,36,0,32,-3,26,28,45,-3,26
29/01/2020,8,46,1,34,9:15 AM,6:01 PM,11:26 AM,11:01 PM,Waxing Crescent,26,,,,,,,,,,,,,,,,,,
29/01/2020,24,8,46,16,26,236,WSW,176,http://cdn.worldweatheronline.com/images/wsymbols01_png_64/wsymbol_0009_light_rain_showers.png,Patchy rain possible,0.1,0,84,10,6,1004,30,54,5,41,2,36,0,32,26,42,0,32
30/01/2020,12,54,6,42,9:14 AM,6:03 PM,11:41 AM,No moonset,Waxing Crescent,33,,,,,,,,,,,,,,,,,,
30/01/2020,24,12,54,13,21,238,WSW,122,http://cdn.worldweatheronline.com/images/wsymbols01_png_64/wsymbol_0004_black_low_cloud.png,Overcast,0,0,85,10,6,999,30,64,9,47,6,43,6,42,20,33,6,42
31/01/2020,14,57,9,48,9:12 AM,6:05 PM,11:55 AM,12:09 AM,Waxing Crescent,37,,,,,,,,,,,,,,,,,,
31/01/2020,24,14,57,16,26,226,SW,176,http://cdn.worldweatheronline.com/images/wsymbols01_png_64/wsymbol_0009_light_rain_showers.png,Patchy rain possible,0.3,0,84,10,6,997,30,85,11,52,8,47,8,47,26,41,8,47
01/02/2020,10,50,6,43,9:11 AM,6:07 PM,12:11 PM,1:17 AM,First Quarter,49,,,,,,,,,,,,,,,,,,
01/02/2020,24,10,50,20,32,265,W,176,http://cdn.worldweatheronline.com/images/wsymbols01_png_64/wsymbol_0009_light_rain_showers.png,Patchy rain possible,0.3,0,76,10,6,999,30,56,8,46,4,39,4,39,28,46,4,39
02/02/2020,10,50,4,39,9:09 AM,6:09 PM,12:29 PM,2:26 AM,First Quarter,57,,,,,,,,,,,,,,,,,,
02/02/2020,24,10,50,17,27,244,WSW,353,http://cdn.worldweatheronline.com/images/wsymbols01_png_64/wsymbol_0009_light_rain_showers.png,Light rain shower,2.5,0.1,82,10,6,1001,30,64,8,46,5,41,5,40,24,39,5,40
03/02/2020,7,45,5,41,9:07 AM,6:11 PM,12:51 PM,3:38 AM,First Quarter,64,,,,,,,,,,,,,,,,,,
03/02/2020,24,7,45,23,38,274,W,122,http://cdn.worldweatheronline.com/images/wsymbols01_png_64/wsymbol_0004_black_low_cloud.png,Overcast,0,0,70,10,6,1011,30,37,6,43,1,34,1,34,33,52,1,34
04/02/2020,8,47,4,39,9:05 AM,6:13 PM,1:19 PM,4:49 AM,Waxing Gibbous,72,,,,,,,,,,,,,,,,,,
04/02/2020,24,8,47,19,31,307,NW,116,http://cdn.worldweatheronline.com/images/wsymbols01_png_64/wsymbol_0002_sunny_intervals.png,Partly cloudy,1.1,0,77,10,6,1026,31,45,6,42,2,36,1,34,28,44,1,34
05/02/2020,8,47,3,38,9:04 AM,6:15 PM,1:56 PM,6:01 AM,Waxing Gibbous,79,,,,,,,,,,,,,,,,,,
05/02/2020,24,8,47,5,9,203,SSW,122,http://cdn.worldweatheronline.com/images/wsymbols01_png_64/wsymbol_0004_black_low_cloud.png,Overcast,0,0,77,10,6,1035,31,40,5,41,1,35,3,38,9,15,3,38
06/02/2020,8,47,1,34,9:02 AM,6:17 PM,2:47 PM,7:08 AM,Waxing Gibbous,87,,,,,,,,,,,,,,,,,,
06/02/2020,24,8,47,9,15,174,S,116,http://cdn.worldweatheronline.com/images/wsymbols01_png_64/wsymbol_0002_sunny_intervals.png,Partly cloudy,0,0,83,10,6,1029,31,13,5,41,3,37,2,36,16,26,2,36
07/02/2020,9,49,6,42,9:00 AM,6:19 PM,3:52 PM,8:05 AM,Waxing Gibbous,95,,,,,,,,,,,,,,,,,,
07/02/2020,24,9,49,20,32,165,SSE,296,http://cdn.worldweatheronline.com/images/wsymbols01_png_64/wsymbol_0017_cloudy_with_light_rain.png,Light rain,1.7,0.1,84,9,5,1010,30,67,7,45,5,41,3,38,30,48,3,38
08/02/2020,9,47,2,35,8:58 AM,6:21 PM,5:09 PM,8:52 AM,Full Moon,100,,,,,,,,,,,,,,,,,,
08/02/2020,24,9,47,21,34,204,SSW,296,http://cdn.worldweatheronline.com/images/wsymbols01_png_64/wsymbol_0017_cloudy_with_light_rain.png,Light rain,6.4,0.3,78,9,5,1003,30,73,6,43,3,38,2,35,30,49,2,35
09/02/2020,13,55,7,44,8:56 AM,6:23 PM,6:35 PM,9:28 AM,Full Moon,100,,,,,,,,,,,,,,,,,,
09/02/2020,24,13,55,26,41,249,WSW,299,http://cdn.worldweatheronline.com/images/wsymbols01_png_64/wsymbol_0010_heavy_rain_showers.png,Moderate rain at times,20.1,0.8,82,7,4,981,29,77,10,50,7,44,6,43,37,60,6,43
10/02/2020,5,42,3,37,8:54 AM,6:25 PM,8:04 PM,9:56 AM,Waxing Gibbous,83,,,,,,,,,,,,,,,,,,
10/02/2020,24,5,42,28,44,262,W,338,http://cdn.worldweatheronline.com/images/wsymbols01_png_64/wsymbol_0020_cloudy_with_heavy_snow.png,Heavy snow,2.5,0.1,74,7,4,993,30,67,4,39,0,32,-2,28,36,58,-2,28
11/02/2020,4,40,3,37,8:52 AM,6:27 PM,9:32 PM,10:19 AM,Waning Gibbous,75,,,,,,,,,,,,,,,,,,
11/02/2020,24,4,40,29,46,273,W,362,http://cdn.worldweatheronline.com/images/wsymbols01_png_64/wsymbol_0013_sleet_showers.png,Light sleet showers,0.4,0,66,7,4,1005,30,58,3,38,-2,28,-3,26,37,60,-3,26
12/02/2020,6,44,1,33,8:50 AM,6:29 PM,10:59 PM,10:39 AM,Waning Gibbous,68,,,,,,,,,,,,,,,,,,
12/02/2020,24,6,44,17,28,233,SW,119,http://cdn.worldweatheronline.com/images/wsymbols01_png_64/wsymbol_0003_white_cloud.png,Cloudy,0.1,0,73,10,6,1009,30,45,4,39,0,32,-1,31,25,40,-1,31
13/02/2020,7,44,4,40,8:48 AM,6:31 PM,No moonrise,10:58 AM,Waning Gibbous,60,,,,,,,,,,,,,,,,,,
13/02/2020,24,7,44,16,25,301,WNW,176,http://cdn.worldweatheronline.com/images/wsymbols01_png_64/wsymbol_0009_light_rain_showers.png,Patchy rain possible,12.9,0.5,86,9,5,994,30,74,6,42,3,38,1,34,21,34,1,34
14/02/2020,10,49,4,39,8:46 AM,6:33 PM,12:24 AM,11:18 AM,Waning Gibbous,53,,,,,,,,,,,,,,,,,,
14/02/2020,24,10,49,14,22,224,SW,299,http://cdn.worldweatheronline.com/images/wsymbols01_png_64/wsymbol_0010_heavy_rain_showers.png,Moderate rain at times,4.1,0.2,82,10,6,1008,30,58,7,45,4,39,4,39,23,36,4,39
15/02/2020,11,52,6,42,8:44 AM,6:35 PM,1:48 AM,11:40 AM,Last Quarter,45,,,,,,,,,,,,,,,,,,
15/02/2020,24,11,52,21,34,205,SSW,308,http://cdn.worldweatheronline.com/images/wsymbols01_png_64/wsymbol_0018_cloudy_with_heavy_rain.png,Heavy rain,17.1,0.7,85,8,5,991,30,70,8,47,6,43,4,39,34,54,4,39
16/02/2020,7,44,5,40,8:42 AM,6:36 PM,3:09 AM,12:06 PM,Last Quarter,38,,,,,,,,,,,,,,,,,,
16/02/2020,24,7,44,27,44,237,WSW,182,http://cdn.worldweatheronline.com/images/wsymbols01_png_64/wsymbol_0021_cloudy_with_sleet.png,Patchy sleet possible,1.9,0.1,70,10,6,985,30,47,6,43,1,34,1,33,36,58,1,33
17/02/2020,7,44,4,39,8:40 AM,6:38 PM,4:26 AM,12:37 PM,Last Quarter,30,,,,,,,,,,,,,,,,,,
17/02/2020,24,7,44,24,39,264,W,176,http://cdn.worldweatheronline.com/images/wsymbols01_png_64/wsymbol_0009_light_rain_showers.png,Patchy rain possible,0.9,0,73,9,5,1002,30,58,5,42,1,34,0,32,32,51,0,32
18/02/2020,7,44,3,38,8:38 AM,6:40 PM,5:37 AM,1:18 PM,Last Quarter,22,,,,,,,,,,,,,,,,,,
18/02/2020,24,7,44,21,33,263,W,353,http://cdn.worldweatheronline.com/images/wsymbols01_png_64/wsymbol_0009_light_rain_showers.png,Light rain shower,2.2,0.1,78,8,5,1013,30,60,5,41,2,35,0,32,29,46,0,32
19/02/2020,10,49,2,35,8:36 AM,6:42 PM,6:37 AM,2:08 PM,Waning Crescent,15,,,,,,,,,,,,,,,,,,
19/02/2020,24,10,49,16,26,205,SSW,302,http://cdn.worldweatheronline.com/images/wsymbols01_png_64/wsymbol_0018_cloudy_with_heavy_rain.png,Moderate rain,6.6,0.3,84,8,5,1012,30,74,6,43,4,40,2,35,24,39,2,35
20/02/2020,7,44,4,39,8:34 AM,6:44 PM,7:26 AM,3:07 PM,Waning Crescent,7,,,,,,,,,,,,,,,,,,
20/02/2020,24,7,44,22,35,279,W,182,http://cdn.worldweatheronline.com/images/wsymbols01_png_64/wsymbol_0021_cloudy_with_sleet.png,Patchy sleet possible,8.2,0.3,76,9,5,1006,30,64,6,43,2,36,1,34,30,48,1,34
21/02/2020,10,50,4,39,8:31 AM,6:46 PM,8:04 AM,4:13 PM,New Moon,0,,,,,,,,,,,,,,,,,,
21/02/2020,24,10,50,20,33,224,SW,296,http://cdn.worldweatheronline.com/images/wsymbols01_png_64/wsymbol_0017_cloudy_with_light_rain.png,Light rain,4.7,0.2,81,8,4,1011,30,85,8,47,5,42,4,39,31,50,4,39
22/02/2020,7,44,2,35,8:29 AM,6:48 PM,8:33 AM,5:22 PM,New Moon,0,,,,,,,,,,,,,,,,,,
22/02/2020,24,7,44,24,38,263,W,353,http://cdn.worldweatheronline.com/images/wsymbols01_png_64/wsymbol_0009_light_rain_showers.png,Light rain shower,4.6,0.2,80,8,4,1011,30,93,7,44,4,39,2,36,33,52,2,36
23/02/2020,8,46,5,41,8:27 AM,6:50 PM,8:57 AM,6:31 PM,New Moon,0,,,,,,,,,,,,,,,,,,
23/02/2020,24,8,46,11,17,288,WNW,266,http://cdn.worldweatheronline.com/images/wsymbols01_png_64/wsymbol_0017_cloudy_with_light_rain.png,Light drizzle,5,0.2,79,9,5,1015,30,85,6,43,3,37,3,38,14,23,3,38
24/02/2020,11,53,4,39,8:25 AM,6:52 PM,9:16 AM,7:41 PM,New Moon,0,,,,,,,,,,,,,,,,,,
24/02/2020,24,11,53,23,37,272,W,266,http://cdn.worldweatheronline.com/images/wsymbols01_png_64/wsymbol_0017_cloudy_with_light_rain.png,Light drizzle,20.2,0.8,84,8,4,1004,30,59,8,46,5,41,3,37,34,55,3,37
25/02/2020,5,41,2,35,8:23 AM,6:54 PM,9:32 AM,8:49 PM,Waxing Crescent,8,,,,,,,,,,,,,,,,,,
25/02/2020,24,5,41,22,35,268,W,182,http://cdn.worldweatheronline.com/images/wsymbols01_png_64/wsymbol_0021_cloudy_with_sleet.png,Patchy sleet possible,1.4,0.1,79,9,5,999,30,56,4,38,0,32,-2,28,28,46,-2,28
26/02/2020,5,42,3,37,8:20 AM,6:56 PM,9:47 AM,9:57 PM,Waxing Crescent,15,,,,,,,,,,,,,,,,,,
26/02/2020,24,5,42,19,31,271,W,176,http://cdn.worldweatheronline.com/images/wsymbols01_png_64/wsymbol_0009_light_rain_showers.png,Patchy rain possible,0.5,0,75,9,5,1005,30,70,4,39,0,31,-2,29,25,40,-2,29
27/02/2020,7,44,3,37,8:18 AM,6:58 PM,10:01 AM,11:05 PM,Waxing Crescent,23,,,,,,,,,,,,,,,,,,
27/02/2020,24,7,44,12,19,292,WNW,176,http://cdn.worldweatheronline.com/images/wsymbols01_png_64/wsymbol_0009_light_rain_showers.png,Patchy rain possible,0.2,0,74,10,6,1005,30,58,4,39,0,32,0,32,16,26,0,32
28/02/2020,12,53,4,38,8:16 AM,7:00 PM,10:16 AM,No moonset,Waxing Crescent,30,,,,,,,,,,,,,,,,,,
28/02/2020,24,12,53,15,23,198,SSW,353,http://cdn.worldweatheronline.com/images/wsymbols01_png_64/wsymbol_0009_light_rain_showers.png,Light rain shower,7.2,0.3,85,9,5,995,30,95,8,47,6,42,5,40,23,37,5,40
29/02/2020,5,41,-2,29,8:14 AM,7:02 PM,10:32 AM,12:13 AM,Waxing Crescent,38,,,,,,,,,,,,,,,,,,
29/02/2020,24,5,41,27,43,233,SW,317,http://cdn.worldweatheronline.com/images/wsymbols01_png_64/wsymbol_0021_cloudy_with_sleet.png,Light sleet,4.6,0.2,77,10,5,975,29,54,4,40,1,34,0,31,34,54,0,31
01/02/2020,10,50,5,40,9:11 AM,6:07 PM,12:11 PM,1:17 AM,First Quarter,49,,,,,,,,,,,,,,,,,,
01/02/2020,24,10,50,21,33,263,W,176,http://cdn.worldweatheronline.com/images/wsymbols01_png_64/wsymbol_0009_light_rain_showers.png,Patchy rain possible,0.1,0,76,10,6,998,30,56,8,46,4,38,3,38,31,49,3,38
02/02/2020,10,50,4,39,9:09 AM,6:09 PM,12:29 PM,2:26 AM,First Quarter,57,,,,,,,,,,,,,,,,,,
02/02/2020,24,10,50,16,26,242,WSW,176,http://cdn.worldweatheronline.com/images/wsymbols01_png_64/wsymbol_0009_light_rain_showers.png,Patchy rain possible,2.1,0.1,83,10,6,1001,30,74,8,46,5,41,4,40,24,39,4,40
03/02/2020,7,44,4,39,9:07 AM,6:11 PM,12:51 PM,3:38 AM,First Quarter,64,,,,,,,,,,,,,,,,,,
03/02/2020,24,7,44,20,32,270,W,122,http://cdn.worldweatheronline.com/images/wsymbols01_png_64/wsymbol_0004_black_low_cloud.png,Overcast,0,0,72,10,6,1011,30,46,6,42,1,33,1,33,31,49,1,33
04/02/2020,8,46,2,35,9:05 AM,6:13 PM,1:19 PM,4:49 AM,Waxing Gibbous,72,,,,,,,,,,,,,,,,,,
04/02/2020,24,8,46,15,25,300,WNW,116,http://cdn.worldweatheronline.com/images/wsymbols01_png_64/wsymbol_0002_sunny_intervals.png,Partly cloudy,0.4,0,80,10,6,1025,31,38,5,40,1,34,0,32,25,40,0,32
05/02/2020,9,47,1,35,9:04 AM,6:15 PM,1:56 PM,6:01 AM,Waxing Gibbous,79,,,,,,,,,,,,,,,,,,
05/02/2020,24,9,47,4,7,207,SSW,119,http://cdn.worldweatheronline.com/images/wsymbols01_png_64/wsymbol_0003_white_cloud.png,Cloudy,0,0,82,10,6,1035,31,39,4,39,1,34,2,36,8,13,2,36
06/02/2020,8,47,1,34,9:02 AM,6:17 PM,2:47 PM,7:08 AM,Waxing Gibbous,87,,,,,,,,,,,,,,,,,,
06/02/2020,24,8,47,5,9,171,S,116,http://cdn.worldweatheronline.com/images/wsymbols01_png_64/wsymbol_0002_sunny_intervals.png,Partly cloudy,0,0,85,10,6,1028,31,10,5,40,2,36,3,37,9,15,3,37
07/02/2020,9,49,5,41,9:00 AM,6:19 PM,3:52 PM,8:05 AM,Waxing Gibbous,95,,,,,,,,,,,,,,,,,,
07/02/2020,24,9,49,16,25,160,SSE,266,http://cdn.worldweatheronline.com/images/wsymbols01_png_64/wsymbol_0017_cloudy_with_light_rain.png,Light drizzle,0.4,0,83,9,5,1010,30,72,7,45,4,40,3,38,25,41,3,38
08/02/2020,8,47,0,33,8:58 AM,6:21 PM,5:09 PM,8:52 AM,Full Moon,100,,,,,,,,,,,,,,,,,,
08/02/2020,24,8,47,19,31,206,SSW,176,http://cdn.worldweatheronline.com/images/wsymbols01_png_64/wsymbol_0009_light_rain_showers.png,Patchy rain possible,4.4,0.2,79,10,5,1003,30,67,6,42,3,37,1,34,29,47,1,34
09/02/2020,13,55,6,42,8:56 AM,6:23 PM,6:35 PM,9:28 AM,Full Moon,100,,,,,,,,,,,,,,,,,,
09/02/2020,24,13,55,25,40,250,WSW,353,http://cdn.worldweatheronline.com/images/wsymbols01_png_64/wsymbol_0009_light_rain_showers.png,Light rain shower,23.6,0.9,82,7,4,981,29,92,10,49,7,44,6,42,37,59,6,42
10/02/2020,4,39,2,35,8:54 AM,6:25 PM,8:04 PM,9:56 AM,Waxing Gibbous,83,,,,,,,,,,,,,,,,,,
10/02/2020,24,4,39,24,38,259,WSW,371,http://cdn.worldweatheronline.com/images/wsymbols01_png_64/wsymbol_0012_heavy_snow_showers.png,Moderate or heavy snow showers,1.3,0.1,76,10,5,992,30,67,3,38,-1,31,-3,26,36,57,-3,26
11/02/2020,4,39,1,34,8:52 AM,6:27 PM,9:32 PM,10:19 AM,Waning Gibbous,75,,,,,,,,,,,,,,,,,,
11/02/2020,24,4,39,24,39,269,W,329,http://cdn.worldweatheronline.com/images/wsymbols01_png_64/wsymbol_0020_cloudy_with_heavy_snow.png,Patchy moderate snow,0.2,0,67,8,5,1004,30,33,2,36,-3,26,-4,25,37,59,-4,25
12/02/2020,6,43,0,31,8:50 AM,6:29 PM,10:59 PM,10:39 AM,Waning Gibbous,68,,,,,,,,,,,,,,,,,,
12/02/2020,24,6,43,14,23,229,SW,122,http://cdn.worldweatheronline.com/images/wsymbols01_png_64/wsymbol_0004_black_low_cloud.png,Overcast,0,0,75,10,6,1009,30,50,3,38,-1,31,-1,29,23,37,-1,29
13/02/2020,6,43,2,36,8:48 AM,6:31 PM,No moonrise,10:58 AM,Waning Gibbous,60,,,,,,,,,,,,,,,,,,
13/02/2020,24,6,43,14,22,300,WNW,176,http://cdn.worldweatheronline.com/images/wsymbols01_png_64/wsymbol_0009_light_rain_showers.png,Patchy rain possible,9.7,0.4,88,9,5,994,30,76,5,40,3,37,1,33,20,32,1,33
14/02/2020,9,49,3,37,8:46 AM,6:33 PM,12:24 AM,11:18 AM,Waning Gibbous,53,,,,,,,,,,,,,,,,,,
14/02/2020,24,9,49,11,18,220,SW,176,http://cdn.worldweatheronline.com/images/wsymbols01_png_64/wsymbol_0009_light_rain_showers.png,Patchy rain possible,0.3,0,84,10,6,1007,30,67,6,43,4,38,3,37,20,31,3,37
15/02/2020,11,51,5,41,8:44 AM,6:35 PM,1:48 AM,11:40 AM,Last Quarter,45,,,,,,,,,,,,,,,,,,
15/02/2020,24,11,51,17,28,203,SSW,302,http://cdn.worldweatheronline.com/images/wsymbols01_png_64/wsymbol_0018_cloudy_with_heavy_rain.png,Moderate rain,8.8,0.3,86,9,5,990,30,74,8,46,6,42,4,40,28,45,4,40
16/02/2020,7,44,4,38,8:42 AM,6:36 PM,3:09 AM,12:06 PM,Last Quarter,38,,,,,,,,,,,,,,,,,,
16/02/2020,24,7,44,25,40,235,SW,176,http://cdn.worldweatheronline.com/images/wsymbols01_png_64/wsymbol_0009_light_rain_showers.png,Patchy rain possible,2.4,0.1,72,10,6,984,30,58,5,42,1,33,0,32,36,59,0,32
17/02/2020,6,43,3,37,8:40 AM,6:38 PM,4:26 AM,12:37 PM,Last Quarter,30,,,,,,,,,,,,,,,,,,
17/02/2020,24,6,43,21,35,261,W,182,http://cdn.worldweatheronline.com/images/wsymbols01_png_64/wsymbol_0021_cloudy_with_sleet.png,Patchy sleet possible,0.4,0,76,10,6,1001,30,70,5,40,1,33,-1,30,32,52,-1,30
18/02/2020,6,43,2,35,8:38 AM,6:40 PM,5:37 AM,1:18 PM,Last Quarter,22,,,,,,,,,,,,,,,,,,
18/02/2020,24,6,43,18,29,260,W,353,http://cdn.worldweatheronline.com/images/wsymbols01_png_64/wsymbol_0009_light_rain_showers.png,Light rain shower,0.8,0,81,10,6,1013,30,52,4,39,1,34,-1,30,28,45,-1,30
19/02/2020,9,48,1,34,8:36 AM,6:42 PM,6:37 AM,2:08 PM,Waning Crescent,15,,,,,,,,,,,,,,,,,,
19/02/2020,24,9,48,15,24,210,SSW,296,http://cdn.worldweatheronline.com/images/wsymbols01_png_64/wsymbol_0017_cloudy_with_light_rain.png,Light rain,2.5,0.1,87,8,4,1011,30,80,6,42,4,39,1,35,24,39,1,35
20/02/2020,7,44,3,37,8:34 AM,6:44 PM,7:26 AM,3:07 PM,Waning Crescent,7,,,,,,,,,,,,,,,,,,
20/02/2020,24,7,44,19,30,275,W,182,http://cdn.worldweatheronline.com/images/wsymbols01_png_64/wsymbol_0021_cloudy_with_sleet.png,Patchy sleet possible,3.2,0.1,78,10,5,1005,30,74,6,42,2,36,1,34,28,44,1,34
21/02/2020,10,50,2,35,8:31 AM,6:46 PM,8:04 AM,4:13 PM,New Moon,0,,,,,,,,,,,,,,,,,,
21/02/2020,24,10,50,21,34,229,SW,296,http://cdn.worldweatheronline.com/images/wsymbols01_png_64/wsymbol_0017_cloudy_with_light_rain.png,Light rain,4,0.2,83,9,5,1011,30,91,7,45,5,42,3,37,33,53,3,37
22/02/2020,7,44,1,34,8:29 AM,6:48 PM,8:33 AM,5:22 PM,New Moon,0,,,,,,,,,,,,,,,,,,
22/02/2020,24,7,44,22,35,261,W,353,http://cdn.worldweatheronline.com/images/wsymbols01_png_64/wsymbol_0009_light_rain_showers.png,Light rain shower,5.8,0.2,81,8,5,1011,30,85,7,44,4,38,2,35,32,52,2,35
23/02/2020,7,45,0,32,8:27 AM,6:50 PM,8:57 AM,6:31 PM,New Moon,0,,,,,,,,,,,,,,,,,,
23/02/2020,24,7,45,10,17,286,WNW,266,http://cdn.worldweatheronline.com/images/wsymbols01_png_64/wsymbol_0017_cloudy_with_light_rain.png,Light drizzle,4.8,0.2,81,9,5,1015,30,90,5,42,3,37,2,36,15,24,2,36
24/02/2020,11,52,3,38,8:25 AM,6:52 PM,9:16 AM,7:41 PM,New Moon,0,,,,,,,,,,,,,,,,,,
24/02/2020,24,11,52,22,35,269,W,266,http://cdn.worldweatheronline.com/images/wsymbols01_png_64/wsymbol_0017_cloudy_with_light_rain.png,Light drizzle,8.3,0.3,86,8,4,1003,30,66,7,44,5,40,2,36,33,53,2,36
25/02/2020,5,41,0,32,8:23 AM,6:54 PM,9:32 AM,8:49 PM,Waxing Crescent,8,,,,,,,,,,,,,,,,,,
25/02/2020,24,5,41,19,30,263,W,182,http://cdn.worldweatheronline.com/images/wsymbols01_png_64/wsymbol_0021_cloudy_with_sleet.png,Patchy sleet possible,0.7,0,82,8,4,999,30,51,3,37,0,32,-3,27,27,44,-3,27
26/02/2020,5,41,1,34,8:20 AM,6:56 PM,9:47 AM,9:57 PM,Waxing Crescent,15,,,,,,,,,,,,,,,,,,
26/02/2020,24,5,41,17,27,268,W,362,http://cdn.worldweatheronline.com/images/wsymbols01_png_64/wsymbol_0013_sleet_showers.png,Light sleet showers,0.4,0,77,10,6,1005,30,64,3,37,-1,30,-3,27,25,41,-3,27
27/02/2020,7,44,2,35,8:18 AM,6:58 PM,10:01 AM,11:05 PM,Waxing Crescent,23,,,,,,,,,,,,,,,,,,
27/02/2020,24,7,44,10,17,286,WNW,176,http://cdn.worldweatheronline.com/images/wsymbols01_png_64/wsymbol_0009_light_rain_showers.png,Patchy rain possible,0.1,0,78,10,6,1005,30,58,3,37,-1,31,-1,30,16,25,-1,30
28/02/2020,13,55,3,37,8:16 AM,7:00 PM,10:16 AM,No moonset,Waxing Crescent,30,,,,,,,,,,,,,,,,,,
28/02/2020,24,13,55,12,20,203,SSW,353,http://cdn.worldweatheronline.com/images/wsymbols01_png_64/wsymbol_0009_light_rain_showers.png,Light rain shower,4.3,0.2,85,10,5,994,30,95,8,46,6,42,5,41,20,32,5,41
29/02/2020,5,41,-4,24,8:14 AM,7:02 PM,10:32 AM,12:13 AM,Waxing Crescent,38,,,,,,,,,,,,,,,,,,
29/02/2020,24,5,41,25,40,230,SW,230,http://cdn.worldweatheronline.com/images/wsymbols01_png_64/wsymbol_0020_cloudy_with_heavy_snow.png,Blizzard,2.9,0.1,80,8,4,974,29,72,4,38,1,34,-1,30,33,54,-1,30
01/03/2020,6,43,1,34,8:11 AM,7:04 PM,10:52 AM,1:23 AM,First Quarter,44,,,,,,,,,,,,,,,,,,
01/03/2020,24,6,43,20,32,249,WSW,176,http://cdn.worldweatheronline.com/images/wsymbols01_png_64/wsymbol_0009_light_rain_showers.png,Patchy rain possible,0.5,0,72,10,6,981,29,42,4,39,-1,30,-2,29,29,47,-2,29
02/03/2020,6,43,0,32,8:09 AM,7:06 PM,11:17 AM,2:33 AM,First Quarter,51,,,,,,,,,,,,,,,,,,
02/03/2020,24,6,43,14,23,258,WSW,353,http://cdn.worldweatheronline.com/images/wsymbols01_png_64/wsymbol_0009_light_rain_showers.png,Light rain shower,0.3,0,75,10,6,988,30,43,3,37,-1,29,-2,28,22,35,-2,28
03/03/2020,8,46,1,34,8:07 AM,7:08 PM,11:49 AM,3:44 AM,First Quarter,58,,,,,,,,,,,,,,,,,,
03/03/2020,24,8,46,14,22,283,WNW,176,http://cdn.worldweatheronline.com/images/wsymbols01_png_64/wsymbol_0009_light_rain_showers.png,Patchy rain possible,1.5,0.1,78,10,6,1001,30,46,4,39,0,33,0,32,21,34,0,32
04/03/2020,6,43,1,33,8:05 AM,7:10 PM,12:31 PM,4:51 AM,First Quarter,65,,,,,,,,,,,,,,,,,,
04/03/2020,24,6,43,3,5,125,SE,122,http://cdn.worldweatheronline.com/images/wsymbols01_png_64/wsymbol_0004_black_low_cloud.png,Overcast,0,0,81,10,6,1006,30,68,3,38,1,33,2,36,6,9,2,36
05/03/2020,8,46,1,33,8:02 AM,7:12 PM,1:28 PM,5:52 AM,Waxing Gibbous,73,,,,,,,,,,,,,,,,,,
05/03/2020,24,8,46,4,7,285,WNW,353,http://cdn.worldweatheronline.com/images/wsymbols01_png_64/wsymbol_0009_light_rain_showers.png,Light rain shower,0.8,0,83,10,6,1000,30,48,4,38,1,34,2,35,8,12,2,35
06/03/2020,7,45,0,33,8:00 AM,7:13 PM,2:38 PM,6:42 AM,Waxing Gibbous,80,,,,,,,,,,,,,,,,,,
06/03/2020,24,7,45,10,15,278,W,176,http://cdn.worldweatheronline.com/images/wsymbols01_png_64/wsymbol_0009_light_rain_showers.png,Patchy rain possible,0.9,0,85,9,5,1005,30,64,4,38,1,34,0,32,15,24,0,32
07/03/2020,12,53,3,37,7:58 AM,7:15 PM,4:00 PM,7:23 AM,Waxing Gibbous,87,,,,,,,,,,,,,,,,,,
07/03/2020,24,12,53,17,27,215,SW,122,http://cdn.worldweatheronline.com/images/wsymbols01_png_64/wsymbol_0004_black_low_cloud.png,Overcast,0.7,0,82,9,5,1005,30,95,8,47,6,43,5,41,26,41,5,41
08/03/2020,9,48,5,42,7:55 AM,7:17 PM,5:28 PM,7:54 AM,Waxing Gibbous,95,,,,,,,,,,,,,,,,,,
08/03/2020,24,9,48,19,31,247,WSW,176,http://cdn.worldweatheronline.com/images/wsymbols01_png_64/wsymbol_0009_light_rain_showers.png,Patchy rain possible,0.9,0,78,10,6,998,30,60,7,45,3,38,3,37,28,44,3,37
09/03/2020,8,47,1,34,7:53 AM,7:19 PM,6:58 PM,8:19 AM,Full Moon,100,,,,,,,,,,,,,,,,,,
09/03/2020,24,8,47,18,29,220,SW,302,http://cdn.worldweatheronline.com/images/wsymbols01_png_64/wsymbol_0018_cloudy_with_heavy_rain.png,Moderate rain,5,0.2,84,10,5,1005,30,78,6,42,5,41,2,35,28,45,2,35
10/03/2020,11,52,5,41,7:51 AM,7:21 PM,8:28 PM,8:40 AM,Full Moon,100,,,,,,,,,,,,,,,,,,
10/03/2020,24,11,52,19,30,262,W,296,http://cdn.worldweatheronline.com/images/wsymbols01_png_64/wsymbol_0017_cloudy_with_light_rain.png,Light rain,5,0.2,83,10,5,999,30,65,10,50,7,45,6,44,27,44,6,44
11/03/2020,8,46,4,39,7:48 AM,7:23 PM,9:58 PM,9:00 AM,Waxing Gibbous,84,,,,,,,,,,,,,,,,,,
11/03/2020,24,8,46,17,28,237,WSW,353,http://cdn.worldweatheronline.com/images/wsymbols01_png_64/wsymbol_0009_light_rain_showers.png,Light rain shower,2,0.1,84,9,5,1001,30,62,7,44,4,38,3,37,25,40,3,37
12/03/2020,8,46,1,34,7:46 AM,7:25 PM,11:26 PM,9:20 AM,Waning Gibbous,76,,,,,,,,,,,,,,,,,,
12/03/2020,24,8,46,24,39,257,WSW,176,http://cdn.worldweatheronline.com/images/wsymbols01_png_64/wsymbol_0009_light_rain_showers.png,Patchy rain possible,0.5,0,74,10,6,1003,30,43,4,40,0,32,-2,29,36,57,-2,29
13/03/2020,9,48,2,35,7:44 AM,7:27 PM,No moonrise,9:42 AM,Waning Gibbous,69,,,,,,,,,,,,,,,,,,
13/03/2020,24,9,48,15,24,190,S,176,http://cdn.worldweatheronline.com/images/wsymbols01_png_64/wsymbol_0009_light_rain_showers.png,Patchy rain possible,2.2,0.1,81,10,6,1013,30,74,6,43,3,37,2,36,23,36,2,36
14/03/2020,10,49,1,34,7:41 AM,7:28 PM,12:51 AM,10:06 AM,Waning Gibbous,62,,,,,,,,,,,,,,,,,,
14/03/2020,24,10,49,12,19,213,SSW,296,http://cdn.worldweatheronline.com/images/wsymbols01_png_64/wsymbol_0017_cloudy_with_light_rain.png,Light rain,4.4,0.2,87,9,5,1005,30,78,7,45,6,43,4,40,18,29,4,40
15/03/2020,9,48,2,35,7:39 AM,7:30 PM,2:14 AM,10:36 AM,Waning Gibbous,55,,,,,,,,,,,,,,,,,,
15/03/2020,24,9,48,14,23,300,WNW,263,http://cdn.worldweatheronline.com/images/wsymbols01_png_64/wsymbol_0009_light_rain_showers.png,Patchy light drizzle,1.1,0,79,9,5,1004,30,57,6,43,3,37,2,36,22,35,2,36
16/03/2020,10,49,0,32,7:36 AM,7:32 PM,3:29 AM,11:15 AM,Last Quarter,47,,,,,,,,,,,,,,,,,,
16/03/2020,24,10,49,13,21,216,SW,122,http://cdn.worldweatheronline.com/images/wsymbols01_png_64/wsymbol_0004_black_low_cloud.png,Overcast,0.1,0,80,10,6,1017,31,40,5,41,2,35,1,35,20,32,1,35
17/03/2020,10,51,3,38,7:34 AM,7:34 PM,4:34 AM,12:02 PM,Last Quarter,40,,,,,,,,,,,,,,,,,,
17/03/2020,24,10,51,11,18,218,SW,296,http://cdn.worldweatheronline.com/images/wsymbols01_png_64/wsymbol_0017_cloudy_with_light_rain.png,Light rain,3.9,0.2,88,10,6,1018,31,86,9,48,7,45,6,43,18,29,6,43
18/03/2020,7,45,2,35,7:32 AM,7:36 PM,5:27 AM,12:59 PM,Last Quarter,33,,,,,,,,,,,,,,,,,,
18/03/2020,24,7,45,8,13,277,W,122,http://cdn.worldweatheronline.com/images/wsymbols01_png_64/wsymbol_0004_black_low_cloud.png,Overcast,2.4,0.1,80,10,6,1023,31,82,5,42,2,36,3,37,12,19,3,37
19/03/2020,7,45,0,31,7:29 AM,7:38 PM,6:08 AM,2:04 PM,Waning Crescent,25,,,,,,,,,,,,,,,,,,
19/03/2020,24,7,45,7,12,106,ESE,119,http://cdn.worldweatheronline.com/images/wsymbols01_png_64/wsymbol_0003_white_cloud.png,Cloudy,0,0,75,10,6,1028,31,17,4,39,0,32,1,34,12,19,1,34
20/03/2020,8,46,0,32,7:27 AM,7:39 PM,6:39 AM,3:12 PM,Waning Crescent,18,,,,,,,,,,,,,,,,,,
20/03/2020,24,8,46,13,21,65,ENE,176,http://cdn.worldweatheronline.com/images/wsymbols01_png_64/wsymbol_0009_light_rain_showers.png,Patchy rain possible,0.1,0,76,10,6,1032,31,18,4,40,0,33,0,32,20,33,0,32
21/03/2020,8,46,4,38,7:24 AM,7:41 PM,7:03 AM,4:21 PM,Waning Crescent,11,,,,,,,,,,,,,,,,,,
21/03/2020,24,8,46,15,25,115,ESE,122,http://cdn.worldweatheronline.com/images/wsymbols01_png_64/wsymbol_0004_black_low_cloud.png,Overcast,0,0,68,10,6,1026,31,47,6,42,0,33,2,35,23,37,2,35
22/03/2020,8,46,2,36,7:22 AM,7:43 PM,7:23 AM,5:31 PM,Waning Crescent,4,,,,,,,,,,,,,,,,,,
22/03/2020,24,8,46,11,17,141,SE,122,http://cdn.worldweatheronline.com/images/wsymbols01_png_64/wsymbol_0004_black_low_cloud.png,Overcast,0,0,74,10,6,1027,31,65,5,41,1,33,2,35,16,26,2,35
23/03/2020,11,53,4,38,7:20 AM,7:45 PM,7:39 AM,6:39 PM,New Moon,0,,,,,,,,,,,,,,,,,,
23/03/2020,24,11,53,9,14,168,SSE,119,http://cdn.worldweatheronline.com/images/wsymbols01_png_64/wsymbol_0003_white_cloud.png,Cloudy,0,0,81,10,6,1023,31,32,7,44,4,39,4,40,14,22,4,40
24/03/2020,14,56,5,42,7:17 AM,7:47 PM,7:54 AM,7:48 PM,New Moon,0,,,,,,,,,,,,,,,,,,
24/03/2020,24,14,56,10,16,191,S,116,http://cdn.worldweatheronline.com/images/wsymbols01_png_64/wsymbol_0002_sunny_intervals.png,Partly cloudy,0,0,75,10,6,1019,31,26,9,47,4,40,6,43,16,26,6,43
25/03/2020,14,58,5,41,7:15 AM,7:48 PM,8:08 AM,8:56 PM,Waxing Crescent,3,,,,,,,,,,,,,,,,,,
25/03/2020,24,14,58,5,8,171,S,176,http://cdn.worldweatheronline.com/images/wsymbols01_png_64/wsymbol_0009_light_rain_showers.png,Patchy rain possible,0.1,0,80,10,6,1021,31,23,10,49,6,43,9,47,8,13,9,47
26/03/2020,11,51,6,42,7:12 AM,7:50 PM,8:22 AM,10:04 PM,Waxing Crescent,11,,,,,,,,,,,,,,,,,,
26/03/2020,24,11,51,6,10,46,NE,116,http://cdn.worldweatheronline.com/images/wsymbols01_png_64/wsymbol_0002_sunny_intervals.png,Partly cloudy,0,0,87,9,5,1025,31,12,8,47,6,43,7,44,9,15,7,44
27/03/2020,10,49,5,42,7:10 AM,7:52 PM,8:38 AM,11:14 PM,Waxing Crescent,18,,,,,,,,,,,,,,,,,,
27/03/2020,24,10,49,9,15,46,NE,116,http://cdn.worldweatheronline.com/images/wsymbols01_png_64/wsymbol_0002_sunny_intervals.png,Partly cloudy,0,0,90,9,5,1028,31,52,7,45,6,42,5,40,14,23,5,40
28/03/2020,9,47,5,40,7:07 AM,7:54 PM,8:56 AM,No moonset,Waxing Crescent,25,,,,,,,,,,,,,,,,,,
28/03/2020,24,9,47,15,24,49,NE,116,http://cdn.worldweatheronline.com/images/wsymbols01_png_64/wsymbol_0002_sunny_intervals.png,Partly cloudy,0,0,78,10,6,1035,31,41,7,44,3,37,3,37,21,34,3,37
29/03/2020,5,42,1,33,7:05 AM,7:56 PM,9:19 AM,12:24 AM,Waxing Crescent,32,,,,,,,,,,,,,,,,,,
29/03/2020,24,5,42,14,23,41,NE,227,http://cdn.worldweatheronline.com/images/wsymbols01_png_64/wsymbol_0019_cloudy_with_light_snow.png,Blowing snow,0.4,0,68,8,4,1046,31,53,4,39,-2,29,-1,30,21,34,-1,30
30/03/2020,9,49,0,32,7:02 AM,7:57 PM,9:47 AM,1:34 AM,First Quarter,40,,,,,,,,,,,,,,,,,,
30/03/2020,24,9,49,9,15,190,S,353,http://cdn.worldweatheronline.com/images/wsymbols01_png_64/wsymbol_0009_light_rain_showers.png,Light rain shower,0.3,0,85,8,4,1041,31,74,4,40,2,36,1,34,14,23,1,34
31/03/2020,9,48,2,36,7:00 AM,7:59 PM,10:24 AM,2:41 AM,First Quarter,44,,,,,,,,,,,,,,,,,,
31/03/2020,24,9,48,6,10,34,NNE,176,http://cdn.worldweatheronline.com/images/wsymbols01_png_64/wsymbol_0009_light_rain_showers.png,Patchy rain possible,0.1,0,84,7,4,1035,31,65,6,42,3,37,3,38,10,15,3,38
01/04/2020,8,46,5,40,6:58 AM,8:01 PM,11:13 AM,3:43 AM,First Quarter,56,,,,,,,,,,,,,,,,,,
01/04/2020,24,8,46,8,14,310,NW,176,http://cdn.worldweatheronline.com/images/wsymbols01_png_64/wsymbol_0009_light_rain_showers.png,Patchy rain possible,0.1,0,75,10,6,1027,31,63,6,43,2,36,4,38,13,20,4,38
02/04/2020,12,53,4,39,6:55 AM,8:03 PM,12:16 PM,4:36 AM,First Quarter,64,,,,,,,,,,,,,,,,,,
02/04/2020,24,12,53,13,21,293,WNW,176,http://cdn.worldweatheronline.com/images/wsymbols01_png_64/wsymbol_0009_light_rain_showers.png,Patchy rain possible,0.5,0,82,10,6,1018,31,80,8,46,5,41,4,40,19,31,4,40
03/04/2020,11,51,2,35,6:53 AM,8:05 PM,1:31 PM,5:19 AM,Waxing Gibbous,71,,,,,,,,,,,,,,,,,,
03/04/2020,24,11,51,8,14,253,WSW,353,http://cdn.worldweatheronline.com/images/wsymbols01_png_64/wsymbol_0009_light_rain_showers.png,Light rain shower,0.6,0,82,10,6,1016,30,76,7,45,4,39,4,40,13,21,4,40
04/04/2020,11,51,4,40,6:50 AM,8:06 PM,2:54 PM,5:53 AM,Waxing Gibbous,79,,,,,,,,,,,,,,,,,,
04/04/2020,24,11,51,11,17,171,S,122,http://cdn.worldweatheronline.com/images/wsymbols01_png_64/wsymbol_0004_black_low_cloud.png,Overcast,0,0,79,10,6,1014,30,70,8,46,4,40,5,41,17,27,5,41
05/04/2020,13,56,8,46,6:48 AM,8:08 PM,4:21 PM,6:19 AM,Waxing Gibbous,87,,,,,,,,,,,,,,,,,,
05/04/2020,24,13,56,20,32,157,SSE,266,http://cdn.worldweatheronline.com/images/wsymbols01_png_64/wsymbol_0017_cloudy_with_light_rain.png,Light drizzle,3.4,0.1,86,9,5,1002,30,73,10,51,8,46,7,45,29,47,7,45
06/04/2020,12,53,5,42,6:46 AM,8:10 PM,5:51 PM,6:41 AM,Waxing Gibbous,94,,,,,,,,,,,,,,,,,,
06/04/2020,24,12,53,12,19,252,WSW,176,http://cdn.worldweatheronline.com/images/wsymbols01_png_64/wsymbol_0009_light_rain_showers.png,Patchy rain possible,0.1,0,75,10,6,1012,30,28,9,47,4,40,6,42,18,29,6,42
07/04/2020,13,56,4,40,6:43 AM,8:12 PM,7:22 PM,7:02 AM,Full Moon,100,,,,,,,,,,,,,,,,,,
07/04/2020,24,13,56,6,10,180,S,116,http://cdn.worldweatheronline.com/images/wsymbols01_png_64/wsymbol_0002_sunny_intervals.png,Partly cloudy,0,0,74,10,6,1026,31,22,8,47,4,39,7,45,10,16,7,45
08/04/2020,15,58,6,43,6:41 AM,8:13 PM,8:52 PM,7:21 AM,Full Moon,100,,,,,,,,,,,,,,,,,,
08/04/2020,24,15,58,3,5,145,SE,116,http://cdn.worldweatheronline.com/images/wsymbols01_png_64/wsymbol_0002_sunny_intervals.png,Partly cloudy,0,0,79,10,6,1025,31,41,10,50,6,44,10,49,6,9,10,49
09/04/2020,14,57,8,46,6:38 AM,8:15 PM,10:21 PM,7:41 AM,Waxing Gibbous,83,,,,,,,,,,,,,,,,,,
09/04/2020,24,14,57,7,11,103,ESE,116,http://cdn.worldweatheronline.com/images/wsymbols01_png_64/wsymbol_0002_sunny_intervals.png,Partly cloudy,0,0,82,10,6,1024,31,34,11,51,8,46,10,49,11,17,10,49
10/04/2020,17,63,10,49,6:36 AM,8:17 PM,11:50 PM,8:04 AM,Waning Gibbous,76,,,,,,,,,,,,,,,,,,
10/04/2020,24,17,63,5,7,162,SSE,176,http://cdn.worldweatheronline.com/images/wsymbols01_png_64/wsymbol_0009_light_rain_showers.png,Patchy rain possible,0.2,0,79,10,6,1022,31,37,13,56,10,49,13,55,8,13,13,55
11/04/2020,17,62,11,51,6:34 AM,8:19 PM,No moonrise,8:32 AM,Waning Gibbous,68,,,,,,,,,,,,,,,,,,
11/04/2020,24,17,62,7,11,270,W,353,http://cdn.worldweatheronline.com/images/wsymbols01_png_64/wsymbol_0009_light_rain_showers.png,Light rain shower,0.7,0,82,10,6,1022,31,58,14,57,10,50,13,55,11,17,13,55
12/04/2020,11,52,8,47,6:31 AM,8:21 PM,1:12 AM,9:08 AM,Waning Gibbous,61,,,,,,,,,,,,,,,,,,
12/04/2020,24,11,52,12,19,104,ESE,122,http://cdn.worldweatheronline.com/images/wsymbols01_png_64/wsymbol_0004_black_low_cloud.png,Overcast,0.1,0,77,10,6,1015,30,75,10,49,6,42,7,45,17,27,7,45
13/04/2020,8,46,3,38,6:29 AM,8:23 PM,2:24 AM,9:53 AM,Waning Gibbous,53,,,,,,,,,,,,,,,,,,
13/04/2020,24,8,46,15,24,70,ENE,116,http://cdn.worldweatheronline.com/images/wsymbols01_png_64/wsymbol_0002_sunny_intervals.png,Partly cloudy,0.7,0,73,7,4,1028,31,47,7,44,2,35,3,37,21,33,3,37
14/04/2020,12,53,3,37,6:27 AM,8:24 PM,3:24 AM,10:48 AM,Last Quarter,46,,,,,,,,,,,,,,,,,,
14/04/2020,24,12,53,4,7,170,S,116,http://cdn.worldweatheronline.com/images/wsymbols01_png_64/wsymbol_0002_sunny_intervals.png,Partly cloudy,0,0,76,10,6,1029,31,30,7,45,3,38,6,43,7,11,6,43
15/04/2020,12,54,4,39,6:24 AM,8:26 PM,4:10 AM,11:52 AM,Last Quarter,38,,,,,,,,,,,,,,,,,,
15/04/2020,24,12,54,4,7,80,E,122,http://cdn.worldweatheronline.com/images/wsymbols01_png_64/wsymbol_0004_black_low_cloud.png,Overcast,0,0,74,10,6,1022,31,33,8,47,3,38,7,45,7,11,7,45
16/04/2020,12,53,5,42,6:22 AM,8:28 PM,4:44 AM,1:01 PM,Last Quarter,30,,,,,,,,,,,,,,,,,,
16/04/2020,24,12,53,8,13,54,NE,116,http://cdn.worldweatheronline.com/images/wsymbols01_png_64/wsymbol_0002_sunny_intervals.png,Partly cloudy,0,0,86,9,5,1016,30,26,9,48,6,44,7,44,12,19,7,44
17/04/2020,11,52,8,46,6:20 AM,8:30 PM,5:10 AM,2:11 PM,Last Quarter,23,,,,,,,,,,,,,,,,,,
17/04/2020,24,11,52,12,19,87,E,176,http://cdn.worldweatheronline.com/images/wsymbols01_png_64/wsymbol_0009_light_rain_showers.png,Patchy rain possible,0.8,0,85,9,5,1016,30,56,10,49,7,45,7,45,18,28,7,45
18/04/2020,10,50,7,44,6:18 AM,8:32 PM,5:31 AM,3:21 PM,Waning Crescent,15,,,,,,,,,,,,,,,,,,
18/04/2020,24,10,50,11,17,92,E,122,http://cdn.worldweatheronline.com/images/wsymbols01_png_64/wsymbol_0004_black_low_cloud.png,Overcast,5.3,0.2,85,8,5,1018,31,74,8,47,6,43,6,42,15,23,6,42
19/04/2020,12,53,7,45,6:15 AM,8:33 PM,5:48 AM,4:29 PM,Waning Crescent,8,,,,,,,,,,,,,,,,,,
19/04/2020,24,12,53,8,12,91,E,116,http://cdn.worldweatheronline.com/images/wsymbols01_png_64/wsymbol_0002_sunny_intervals.png,Partly cloudy,0.4,0,85,7,4,1021,31,52,9,48,7,44,7,45,11,18,7,45
20/04/2020,11,52,6,43,6:13 AM,8:35 PM,6:02 AM,5:38 PM,Waning Crescent,0,,,,,,,,,,,,,,,,,,
20/04/2020,24,11,52,15,24,75,ENE,116,http://cdn.worldweatheronline.com/images/wsymbols01_png_64/wsymbol_0002_sunny_intervals.png,Partly cloudy,0,0,76,10,6,1021,31,2,9,47,5,40,5,41,22,35,5,41
21/04/2020,12,54,6,43,6:11 AM,8:37 PM,6:16 AM,6:46 PM,New Moon,0,,,,,,,,,,,,,,,,,,
21/04/2020,24,12,54,14,23,70,ENE,116,http://cdn.worldweatheronline.com/images/wsymbols01_png_64/wsymbol_0002_sunny_intervals.png,Partly cloudy,0,0,78,10,6,1021,31,23,9,48,6,42,6,43,22,35,6,43
22/04/2020,12,53,6,43,6:09 AM,8:39 PM,6:30 AM,7:55 PM,New Moon,0,,,,,,,,,,,,,,,,,,
22/04/2020,24,12,53,10,16,60,ENE,122,http://cdn.worldweatheronline.com/images/wsymbols01_png_64/wsymbol_0004_black_low_cloud.png,Overcast,0,0,85,10,6,1023,31,51,9,48,6,44,7,44,14,23,7,44
23/04/2020,12,54,7,45,6:07 AM,8:41 PM,6:45 AM,9:04 PM,New Moon,0,,,,,,,,,,,,,,,,,,
23/04/2020,24,12,54,7,11,62,ENE,122,http://cdn.worldweatheronline.com/images/wsymbols01_png_64/wsymbol_0004_black_low_cloud.png,Overcast,0,0,84,10,6,1021,31,60,9,49,7,44,8,46,10,17,8,46
24/04/2020,14,57,7,45,6:05 AM,8:42 PM,7:02 AM,10:15 PM,Waxing Crescent,7,,,,,,,,,,,,,,,,,,
24/04/2020,24,14,57,5,9,67,ENE,122,http://cdn.worldweatheronline.com/images/wsymbols01_png_64/wsymbol_0004_black_low_cloud.png,Overcast,0,0,79,10,6,1016,30,56,10,51,7,44,9,49,8,13,9,49
25/04/2020,15,59,8,46,6:03 AM,8:44 PM,7:23 AM,11:26 PM,Waxing Crescent,15,,,,,,,,,,,,,,,,,,
25/04/2020,24,15,59,4,7,58,ENE,116,http://cdn.worldweatheronline.com/images/wsymbols01_png_64/wsymbol_0002_sunny_intervals.png,Partly cloudy,0,0,73,10,6,1013,30,25,11,52,7,44,11,51,6,10,11,51
26/04/2020,10,49,7,45,6:00 AM,8:46 PM,7:49 AM,No moonset,Waxing Crescent,22,,,,,,,,,,,,,,,,,,
26/04/2020,24,10,49,4,6,62,ENE,266,http://cdn.worldweatheronline.com/images/wsymbols01_png_64/wsymbol_0017_cloudy_with_light_rain.png,Light drizzle,3.6,0.1,91,5,3,1012,30,88,8,47,7,45,8,46,5,8,8,46
27/04/2020,11,52,4,39,5:58 AM,8:48 PM,8:22 AM,12:35 AM,Waxing Crescent,30,,,,,,,,,,,,,,,,,,
27/04/2020,24,11,52,4,6,157,SSE,116,http://cdn.worldweatheronline.com/images/wsymbols01_png_64/wsymbol_0002_sunny_intervals.png,Partly cloudy,0.7,0,77,9,5,1009,30,47,8,47,4,39,7,45,5,9,7,45
28/04/2020,11,52,4,38,5:56 AM,8:50 PM,9:07 AM,1:39 AM,Waxing Crescent,37,,,,,,,,,,,,,,,,,,
28/04/2020,24,11,52,7,11,65,ENE,122,http://cdn.worldweatheronline.com/images/wsymbols01_png_64/wsymbol_0004_black_low_cloud.png,Overcast,0,0,79,10,6,1006,30,49,8,46,4,39,6,42,10,16,6,42
29/04/2020,12,54,6,42,5:54 AM,8:52 PM,10:04 AM,2:34 AM,First Quarter,45,,,,,,,,,,,,,,,,,,
29/04/2020,24,12,54,10,16,188,S,296,http://cdn.worldweatheronline.com/images/wsymbols01_png_64/wsymbol_0017_cloudy_with_light_rain.png,Light rain,3.9,0.2,83,9,5,996,30,75,9,48,5,41,6,43,14,23,6,43
30/04/2020,10,49,5,41,5:52 AM,8:53 PM,11:13 AM,3:20 AM,First Quarter,52,,,,,,,,,,,,,,,,,,
30/04/2020,24,10,49,11,18,299,WNW,353,http://cdn.worldweatheronline.com/images/wsymbols01_png_64/wsymbol_0009_light_rain_showers.png,Light rain shower,16.8,0.7,91,9,5,989,30,82,7,44,5,42,4,39,17,27,4,39
01/05/2020,12,53,5,41,5:50 AM,8:55 PM,12:31 PM,3:55 AM,First Quarter,58,,,,,,,,,,,,,,,,,,
01/05/2020,24,12,53,12,19,282,WNW,176,http://cdn.worldweatheronline.com/images/wsymbols01_png_64/wsymbol_0009_light_rain_showers.png,Patchy rain possible,0.5,0,80,10,6,998,30,49,8,46,4,40,5,41,17,27,5,41
02/05/2020,12,54,5,42,5:48 AM,8:57 PM,1:55 PM,4:22 AM,First Quarter,65,,,,,,,,,,,,,,,,,,
02/05/2020,24,12,54,9,14,242,WSW,116,http://cdn.worldweatheronline.com/images/wsymbols01_png_64/wsymbol_0002_sunny_intervals.png,Partly cloudy,0.1,0,80,10,6,1010,30,29,9,48,5,41,6,44,13,20,6,44
03/05/2020,11,52,8,46,5:46 AM,8:59 PM,3:21 PM,4:45 AM,Waxing Gibbous,72,,,,,,,,,,,,,,,,,,
03/05/2020,24,11,52,4,6,75,ENE,116,http://cdn.worldweatheronline.com/images/wsymbols01_png_64/wsymbol_0002_sunny_intervals.png,Partly cloudy,0,0,77,10,6,1015,30,24,10,50,6,43,9,48,5,8,9,48
04/05/2020,10,50,5,41,5:44 AM,9:01 PM,4:48 PM,5:05 AM,Waxing Gibbous,80,,,,,,,,,,,,,,,,,,
04/05/2020,24,10,50,8,12,46,NE,116,http://cdn.worldweatheronline.com/images/wsymbols01_png_64/wsymbol_0002_sunny_intervals.png,Partly cloudy,0,0,80,10,6,1020,31,20,9,48,6,43,7,45,11,18,7,45
05/05/2020,11,52,8,46,5:43 AM,9:02 PM,6:17 PM,5:23 AM,Waxing Gibbous,87,,,,,,,,,,,,,,,,,,
05/05/2020,24,11,52,14,22,84,E,116,http://cdn.worldweatheronline.com/images/wsymbols01_png_64/wsymbol_0002_sunny_intervals.png,Partly cloudy,0.1,0,79,10,6,1020,31,30,9,49,6,43,6,44,20,32,6,44
06/05/2020,11,52,8,46,5:41 AM,9:04 PM,7:47 PM,5:42 AM,Waxing Gibbous,94,,,,,,,,,,,,,,,,,,
06/05/2020,24,11,52,10,17,126,SE,116,http://cdn.worldweatheronline.com/images/wsymbols01_png_64/wsymbol_0002_sunny_intervals.png,Partly cloudy,0,0,75,10,6,1024,31,22,10,49,5,42,7,45,15,24,7,45
07/05/2020,15,58,9,48,5:39 AM,9:06 PM,9:16 PM,6:03 AM,Full Moon,100,,,,,,,,,,,,,,,,,,
07/05/2020,24,15,58,11,17,169,SSE,200,http://cdn.worldweatheronline.com/images/wsymbols01_png_64/wsymbol_0016_thundery_showers.png,Thundery outbreaks possible,0.9,0,79,9,5,1020,31,65,12,53,8,46,10,50,17,27,10,50
08/05/2020,14,57,7,44,5:37 AM,9:08 PM,10:43 PM,6:28 AM,Full Moon,100,,,,,,,,,,,,,,,,,,
08/05/2020,24,14,57,4,7,113,ESE,176,http://cdn.worldweatheronline.com/images/wsymbols01_png_64/wsymbol_0009_light_rain_showers.png,Patchy rain possible,0.4,0,81,10,6,1017,31,38,11,52,9,47,11,51,7,11,11,51
09/05/2020,15,59,10,51,5:35 AM,9:09 PM,No moonrise,7:00 AM,Waxing Gibbous,84,,,,,,,,,,,,,,,,,,
09/05/2020,24,15,59,3,5,82,E,176,http://cdn.worldweatheronline.com/images/wsymbols01_png_64/wsymbol_0009_light_rain_showers.png,Patchy rain possible,0.4,0,80,10,6,1014,30,39,13,55,9,49,13,55,5,8,13,55
10/05/2020,11,51,7,45,5:33 AM,9:11 PM,12:04 AM,7:41 AM,Waning Gibbous,77,,,,,,,,,,,,,,,,,,
10/05/2020,24,11,51,17,27,47,NE,266,http://cdn.worldweatheronline.com/images/wsymbols01_png_64/wsymbol_0017_cloudy_with_light_rain.png,Light drizzle,1.5,0.1,82,7,4,1015,30,83,9,48,6,43,5,42,23,36,5,42
11/05/2020,7,45,5,41,5:32 AM,9:13 PM,1:12 AM,8:33 AM,Waning Gibbous,70,,,,,,,,,,,,,,,,,,
11/05/2020,24,7,45,15,25,43,NE,176,http://cdn.worldweatheronline.com/images/wsymbols01_png_64/wsymbol_0009_light_rain_showers.png,Patchy rain possible,0.3,0,63,10,6,1026,31,35,6,43,-1,31,2,36,19,31,2,36
12/05/2020,10,51,2,36,5:30 AM,9:14 PM,2:06 AM,9:36 AM,Waning Gibbous,62,,,,,,,,,,,,,,,,,,
12/05/2020,24,10,51,8,13,243,WSW,122,http://cdn.worldweatheronline.com/images/wsymbols01_png_64/wsymbol_0004_black_low_cloud.png,Overcast,0.2,0,74,10,6,1024,31,43,7,44,3,37,4,40,12,20,4,40
13/05/2020,8,47,5,41,5:28 AM,9:16 PM,2:45 AM,10:44 AM,Waning Gibbous,55,,,,,,,,,,,,,,,,,,
13/05/2020,24,8,47,11,18,48,NE,176,http://cdn.worldweatheronline.com/images/wsymbols01_png_64/wsymbol_0009_light_rain_showers.png,Patchy rain possible,0.3,0,73,10,6,1021,31,40,7,44,2,36,4,39,15,24,4,39
14/05/2020,10,50,0,33,5:27 AM,9:18 PM,3:15 AM,11:56 AM,Last Quarter,48,,,,,,,,,,,,,,,,,,
14/05/2020,24,10,50,5,7,109,ESE,119,http://cdn.worldweatheronline.com/images/wsymbols01_png_64/wsymbol_0003_white_cloud.png,Cloudy,0,0,66,10,6,1025,31,16,7,44,2,35,5,41,6,10,5,41
15/05/2020,11,51,5,40,5:25 AM,9:19 PM,3:38 AM,1:07 PM,Last Quarter,40,,,,,,,,,,,,,,,,,,
15/05/2020,24,11,51,6,9,153,SSE,119,http://cdn.worldweatheronline.com/images/wsymbols01_png_64/wsymbol_0003_white_cloud.png,Cloudy,0,0,75,10,6,1027,31,28,8,47,4,40,6,43,8,14,6,43
16/05/2020,13,56,7,44,5:23 AM,9:21 PM,3:56 AM,2:17 PM,Last Quarter,33,,,,,,,,,,,,,,,,,,
16/05/2020,24,13,56,5,8,212,SSW,119,http://cdn.worldweatheronline.com/images/wsymbols01_png_64/wsymbol_0003_white_cloud.png,Cloudy,0,0,75,10,6,1025,31,59,11,51,6,43,9,49,8,13,9,49
17/05/2020,15,60,8,47,5:22 AM,9:23 PM,4:11 AM,3:26 PM,Waning Crescent,26,,,,,,,,,,,,,,,,,,
17/05/2020,24,15,60,9,15,206,SSW,122,http://cdn.worldweatheronline.com/images/wsymbols01_png_64/wsymbol_0004_black_low_cloud.png,Overcast,0,0,74,10,6,1021,31,55,12,53,7,45,10,51,14,23,10,51
18/05/2020,15,60,9,48,5:20 AM,9:24 PM,4:25 AM,4:34 PM,Waning Crescent,19,,,,,,,,,,,,,,,,,,
18/05/2020,24,15,60,6,10,251,WSW,353,http://cdn.worldweatheronline.com/images/wsymbols01_png_64/wsymbol_0009_light_rain_showers.png,Light rain shower,2.7,0.1,87,9,5,1021,31,80,13,55,10,51,12,53,11,17,12,53
19/05/2020,16,62,9,49,5:19 AM,9:26 PM,4:38 AM,5:43 PM,Waning Crescent,11,,,,,,,,,,,,,,,,,,
19/05/2020,24,16,62,5,9,162,SSE,122,http://cdn.worldweatheronline.com/images/wsymbols01_png_64/wsymbol_0004_black_low_cloud.png,Overcast,0.3,0,85,9,5,1022,31,70,14,57,12,53,13,55,9,15,13,55
20/05/2020,16,61,10,50,5:17 AM,9:27 PM,4:53 AM,6:52 PM,Waning Crescent,4,,,,,,,,,,,,,,,,,,
20/05/2020,24,16,61,10,17,165,SSE,116,http://cdn.worldweatheronline.com/images/wsymbols01_png_64/wsymbol_0002_sunny_intervals.png,Partly cloudy,0,0,77,10,6,1019,31,17,13,56,9,49,12,54,16,26,12,54
21/05/2020,15,59,10,51,5:16 AM,9:29 PM,5:09 AM,8:03 PM,New Moon,0,,,,,,,,,,,,,,,,,,
21/05/2020,24,15,59,10,16,169,SSE,116,http://cdn.worldweatheronline.com/images/wsymbols01_png_64/wsymbol_0002_sunny_intervals.png,Partly cloudy,2.7,0.1,81,9,5,1017,31,52,12,54,9,48,11,51,15,25,11,51
22/05/2020,15,58,11,51,5:15 AM,9:30 PM,5:28 AM,9:15 PM,New Moon,0,,,,,,,,,,,,,,,,,,
22/05/2020,24,15,58,23,37,229,SW,176,http://cdn.worldweatheronline.com/images/wsymbols01_png_64/wsymbol_0009_light_rain_showers.png,Patchy rain possible,6.9,0.3,71,10,5,1006,30,67,12,54,7,45,9,49,32,51,9,49
23/05/2020,13,55,10,49,5:13 AM,9:32 PM,5:51 AM,10:26 PM,Waxing Crescent,3,,,,,,,,,,,,,,,,,,
23/05/2020,24,13,55,21,34,261,W,176,http://cdn.worldweatheronline.com/images/wsymbols01_png_64/wsymbol_0009_light_rain_showers.png,Patchy rain possible,0.4,0,71,9,5,1017,31,71,11,52,6,43,8,46,28,45,8,46
24/05/2020,16,61,11,52,5:12 AM,9:33 PM,6:22 AM,11:33 PM,Waxing Crescent,10,,,,,,,,,,,,,,,,,,
24/05/2020,24,16,61,12,19,256,WSW,116,http://cdn.worldweatheronline.com/images/wsymbols01_png_64/wsymbol_0002_sunny_intervals.png,Partly cloudy,0.7,0,76,8,4,1029,31,47,13,56,9,48,12,53,18,29,12,53
25/05/2020,16,61,9,49,5:11 AM,9:35 PM,7:04 AM,No moonset,Waxing Crescent,17,,,,,,,,,,,,,,,,,,
25/05/2020,24,16,61,8,12,190,S,122,http://cdn.worldweatheronline.com/images/wsymbols01_png_64/wsymbol_0004_black_low_cloud.png,Overcast,0.1,0,75,10,6,1033,31,46,13,55,8,46,12,54,11,18,12,54
26/05/2020,16,60,11,51,5:10 AM,9:36 PM,7:57 AM,12:32 AM,Waxing Crescent,25,,,,,,,,,,,,,,,,,,
26/05/2020,24,16,60,4,6,168,SSE,122,http://cdn.worldweatheronline.com/images/wsymbols01_png_64/wsymbol_0004_black_low_cloud.png,Overcast,0,0,85,10,6,1036,31,65,13,56,11,51,13,55,6,10,13,55
27/05/2020,15,59,11,52,5:08 AM,9:37 PM,9:03 AM,1:21 AM,Waxing Crescent,32,,,,,,,,,,,,,,,,,,
27/05/2020,24,15,59,5,8,104,ESE,119,http://cdn.worldweatheronline.com/images/wsymbols01_png_64/wsymbol_0003_white_cloud.png,Cloudy,0,0,80,10,6,1037,31,52,13,56,10,50,13,55,8,12,13,55
28/05/2020,18,64,12,53,5:07 AM,9:39 PM,10:18 AM,1:59 AM,First Quarter,39,,,,,,,,,,,,,,,,,,
28/05/2020,24,18,64,8,13,147,SSE,116,http://cdn.worldweatheronline.com/images/wsymbols01_png_64/wsymbol_0002_sunny_intervals.png,Partly cloudy,0,0,76,10,6,1032,31,12,15,59,11,51,15,59,14,22,15,59
29/05/2020,16,62,12,54,5:06 AM,9:40 PM,11:39 AM,2:28 AM,First Quarter,47,,,,,,,,,,,,,,,,,,
29/05/2020,24,16,62,11,18,152,SSE,116,http://cdn.worldweatheronline.com/images/wsymbols01_png_64/wsymbol_0002_sunny_intervals.png,Partly cloudy,0,0,74,10,6,1026,31,16,14,58,10,50,14,56,18,29,14,56
30/05/2020,16,61,13,55,5:05 AM,9:41 PM,1:02 PM,2:51 AM,First Quarter,54,,,,,,,,,,,,,,,,,,
30/05/2020,24,16,61,8,13,133,SE,122,http://cdn.worldweatheronline.com/images/wsymbols01_png_64/wsymbol_0004_black_low_cloud.png,Overcast,0,0,70,10,6,1022,31,29,15,58,9,48,14,57,13,21,14,57
31/05/2020,17,62,13,55,5:04 AM,9:42 PM,2:26 PM,3:11 AM,First Quarter,58,,,,,,,,,,,,,,,,,,
31/05/2020,24,17,62,6,10,98,E,122,http://cdn.worldweatheronline.com/images/wsymbols01_png_64/wsymbol_0004_black_low_cloud.png,Overcast,0,0,75,10,6,1023,31,28,15,59,10,50,14,57,10,17,14,57
01/06/2020,18,64,12,53,5:03 AM,9:44 PM,3:51 PM,3:29 AM,Waxing Gibbous,71,,,,,,,,,,,,,,,,,,
01/06/2020,24,18,64,5,8,88,E,122,http://cdn.worldweatheronline.com/images/wsymbols01_png_64/wsymbol_0004_black_low_cloud.png,Overcast,0,0,68,10,6,1025,31,23,15,59,9,48,15,59,7,11,15,59
02/06/2020,21,70,10,50,5:03 AM,9:45 PM,5:18 PM,3:47 AM,Waxing Gibbous,79,,,,,,,,,,,,,,,,,,
02/06/2020,24,21,70,5,8,296,WNW,353,http://cdn.worldweatheronline.com/images/wsymbols01_png_64/wsymbol_0009_light_rain_showers.png,Light rain shower,1.6,0.1,67,10,6,1021,31,31,16,61,9,49,16,60,8,13,16,60
03/06/2020,14,58,9,49,5:02 AM,9:46 PM,6:45 PM,4:05 AM,Waxing Gibbous,86,,,,,,,,,,,,,,,,,,
03/06/2020,24,14,58,15,24,22,NNE,176,http://cdn.worldweatheronline.com/images/wsymbols01_png_64/wsymbol_0009_light_rain_showers.png,Patchy rain possible,0.7,0,82,9,5,1014,30,78,12,53,9,48,9,49,20,32,9,49
04/06/2020,15,58,5,41,5:01 AM,9:47 PM,8:13 PM,4:27 AM,Waxing Gibbous,94,,,,,,,,,,,,,,,,,,
04/06/2020,24,15,58,12,19,285,WNW,353,http://cdn.worldweatheronline.com/images/wsymbols01_png_64/wsymbol_0009_light_rain_showers.png,Light rain shower,1.1,0,87,9,5,1007,30,68,10,50,8,46,7,45,18,29,7,45
05/06/2020,12,54,6,42,5:00 AM,9:48 PM,9:37 PM,4:55 AM,Full Moon,100,,,,,,,,,,,,,,,,,,
05/06/2020,24,12,54,15,24,324,NW,353,http://cdn.worldweatheronline.com/images/wsymbols01_png_64/wsymbol_0009_light_rain_showers.png,Light rain shower,4.5,0.2,80,10,6,1001,30,53,9,48,6,42,5,42,23,37,5,42
06/06/2020,13,55,5,42,5:00 AM,9:49 PM,10:53 PM,5:31 AM,Full Moon,100,,,,,,,,,,,,,,,,,,
06/06/2020,24,13,55,19,30,312,NW,266,http://cdn.worldweatheronline.com/images/wsymbols01_png_64/wsymbol_0017_cloudy_with_light_rain.png,Light drizzle,0.6,0,81,8,4,1002,30,97,10,50,7,44,7,44,27,43,7,44
07/06/2020,15,58,8,47,4:59 AM,9:50 PM,11:55 PM,6:17 AM,Waxing Gibbous,84,,,,,,,,,,,,,,,,,,
07/06/2020,24,15,58,12,19,333,NNW,176,http://cdn.worldweatheronline.com/images/wsymbols01_png_64/wsymbol_0009_light_rain_showers.png,Patchy rain possible,0.1,0,79,10,6,1011,30,73,11,53,8,46,9,49,16,25,9,49
08/06/2020,14,57,6,43,4:59 AM,9:51 PM,No moonrise,7:16 AM,Waxing Gibbous,76,,,,,,,,,,,,,,,,,,
08/06/2020,24,14,57,7,11,119,ESE,116,http://cdn.worldweatheronline.com/images/wsymbols01_png_64/wsymbol_0002_sunny_intervals.png,Partly cloudy,0,0,77,10,6,1020,31,40,10,50,6,43,8,47,10,15,8,47
09/06/2020,16,60,7,44,4:58 AM,9:51 PM,12:41 AM,8:24 AM,Waning Gibbous,69,,,,,,,,,,,,,,,,,,
09/06/2020,24,16,60,5,8,253,WSW,176,http://cdn.worldweatheronline.com/images/wsymbols01_png_64/wsymbol_0009_light_rain_showers.png,Patchy rain possible,0.1,0,78,10,6,1020,31,60,11,53,8,46,11,52,7,11,11,52
