date,time,tempC,tempF,windspeedMiles,windspeedKmph,winddirdegree,winddir16point,weatherCode,weatherIconUrl,weatherDesc,precipMM,humidity,visibilityKm,pressureMB,cloudcover,HeatIndexC,HeatIndexF,DewPointC,DewPointF,WindChillC,WindChillF,WindGustMiles,WindGustKmph,FeelsLikeC,FeelsLikeF,,,
01/01/2020,24,8,46,11,18,172,S,119,http://cdn.worldweatheronline.com/images/wsymbols01_png_64/wsymbol_0003_white_cloud.png,Cloudy,0,0,89,10,6,1023,31,37,7,44,5,41,3,38,19,30,3,"38
"
02/01/2020,24,11,52,21,34,209,SSW,353,http://cdn.worldweatheronline.com/images/wsymbols01_png_64/wsymbol_0009_light_rain_showers.png,Light rain shower,3.8,0.1,87,9,5,1006,30,86,10,49,8,46,6,43,34,55,6,"43
"
03/01/2020,24,9,47,13,21,277,W,176,http://cdn.worldweatheronline.com/images/wsymbols01_png_64/wsymbol_0009_light_rain_showers.png,Patchy rain possible,0.2,0,75,10,6,1025,31,65,7,45,3,37,4,39,21,34,4,"39
"
04/01/2020,24,10,49,17,28,224,SW,353,http://cdn.worldweatheronline.com/images/wsymbols01_png_64/wsymbol_0009_light_rain_showers.png,Light rain shower,1.4,0.1,84,10,6,1031,31,71,9,48,6,44,5,42,27,43,5,"42
"
05/01/2020,24,11,52,18,28,196,SSW,266,http://cdn.worldweatheronline.com/images/wsymbols01_png_64/wsymbol_0017_cloudy_with_light_rain.png,Light drizzle,1.2,0,86,8,4,1024,31,85,10,50,7,45,6,43,28,45,6,"43
"
06/01/2020,24,10,51,19,31,249,WSW,299,http://cdn.worldweatheronline.com/images/wsymbols01_png_64/wsymbol_0010_heavy_rain_showers.png,Moderate rain at times,4.6,0.2,80,10,5,1011,30,64,9,48,6,42,5,42,31,50,5,"42
"
07/01/2020,24,13,55,25,40,225,SW,296,http://cdn.worldweatheronline.com/images/wsymbols01_png_64/wsymbol_0017_cloudy_with_light_rain.png,Light rain,6.6,0.3,85,10,5,1009,30,89,11,51,8,47,7,45,41,66,7,"45
"
08/01/2020,24,8,46,12,19,234,SW,176,http://cdn.worldweatheronline.com/images/wsymbols01_png_64/wsymbol_0009_light_rain_showers.png,Patchy rain possible,0.2,0,73,10,6,1018,31,72,7,45,3,37,4,39,19,30,4,"39
"
09/01/2020,24,5,42,7,11,175,S,176,http://cdn.worldweatheronline.com/images/wsymbols01_png_64/wsymbol_0009_light_rain_showers.png,Patchy rain possible,3.5,0.1,88,10,5,1008,30,79,5,40,3,37,2,36,10,16,2,"36
"
10/01/2020,24,8,47,17,28,195,SSW,296,http://cdn.worldweatheronline.com/images/wsymbols01_png_64/wsymbol_0017_cloudy_with_light_rain.png,Light rain,1.9,0.1,78,9,5,1018,31,77,6,43,3,38,3,37,29,46,3,"37
"
11/01/2020,24,12,53,24,39,238,WSW,302,http://cdn.worldweatheronline.com/images/wsymbols01_png_64/wsymbol_0018_cloudy_with_heavy_rain.png,Moderate rain,23.3,0.9,87,8,5,1009,30,76,10,50,8,47,6,44,38,62,6,"44
"
12/01/2020,24,8,46,15,24,250,WSW,353,http://cdn.worldweatheronline.com/images/wsymbols01_png_64/wsymbol_0009_light_rain_showers.png,Light rain shower,3.7,0.1,78,9,5,1012,30,78,7,44,3,38,3,38,24,38,3,"38
"
13/01/2020,24,9,47,30,48,215,SW,353,http://cdn.worldweatheronline.com/images/wsymbols01_png_64/wsymbol_0009_light_rain_showers.png,Light rain shower,11.2,0.4,75,8,5,989,30,87,7,44,3,37,1,34,43,70,1,"34
"
14/01/2020,24,6,44,22,35,237,WSW,296,http://cdn.worldweatheronline.com/images/wsymbols01_png_64/wsymbol_0017_cloudy_with_light_rain.png,Light rain,6.7,0.3,73,10,5,984,30,83,6,42,1,34,1,33,31,50,1,"33
"
15/01/2020,24,8,47,25,40,235,SW,176,http://cdn.worldweatheronline.com/images/wsymbols01_png_64/wsymbol_0009_light_rain_showers.png,Patchy rain possible,2.5,0.1,67,9,5,996,30,79,7,45,1,35,2,36,39,63,2,"36
"
16/01/2020,24,10,49,23,38,217,SW,353,http://cdn.worldweatheronline.com/images/wsymbols01_png_64/wsymbol_0009_light_rain_showers.png,Light rain shower,1.6,0.1,79,7,4,996,30,87,8,47,5,41,4,39,36,58,4,"39
"
17/01/2020,24,7,44,12,20,295,WNW,299,http://cdn.worldweatheronline.com/images/wsymbols01_png_64/wsymbol_0010_heavy_rain_showers.png,Moderate rain at times,3.2,0.1,73,10,6,1010,30,56,6,42,1,34,2,35,21,34,2,"35
"
18/01/2020,24,6,42,4,6,98,E,116,http://cdn.worldweatheronline.com/images/wsymbols01_png_64/wsymbol_0002_sunny_intervals.png,Partly cloudy,0,0,77,10,6,1029,31,14,4,39,0,32,2,36,7,11,2,"36
"
19/01/2020,24,7,45,10,15,188,S,116,http://cdn.worldweatheronline.com/images/wsymbols01_png_64/wsymbol_0002_sunny_intervals.png,Partly cloudy,0,0,77,10,6,1043,31,17,4,39,0,33,1,33,17,27,1,"33
"
20/01/2020,24,8,47,14,22,212,SSW,122,http://cdn.worldweatheronline.com/images/wsymbols01_png_64/wsymbol_0004_black_low_cloud.png,Overcast,0,0,86,10,6,1045,31,45,7,44,4,39,3,37,23,37,3,"37
"
21/01/2020,24,10,49,8,13,261,W,143,http://cdn.worldweatheronline.com/images/wsymbols01_png_64/wsymbol_0006_mist.png,Mist,0.1,0,91,8,4,1043,31,76,8,47,7,45,6,44,13,21,6,"44
"
22/01/2020,24,10,50,2,4,44,NE,122,http://cdn.worldweatheronline.com/images/wsymbols01_png_64/wsymbol_0004_black_low_cloud.png,Overcast,0,0,91,10,6,1039,31,84,8,47,7,44,8,46,4,6,8,"46
"
23/01/2020,24,9,49,4,6,244,WSW,143,http://cdn.worldweatheronline.com/images/wsymbols01_png_64/wsymbol_0006_mist.png,Mist,0.2,0,92,8,4,1032,31,66,8,47,7,45,7,45,6,10,7,"45
"
24/01/2020,24,9,49,8,13,228,SW,176,http://cdn.worldweatheronline.com/images/wsymbols01_png_64/wsymbol_0009_light_rain_showers.png,Patchy rain possible,0.4,0,91,10,6,1023,31,67,8,46,7,44,6,42,13,21,6,"42
"
25/01/2020,24,9,48,14,22,184,S,176,http://cdn.worldweatheronline.com/images/wsymbols01_png_64/wsymbol_0009_light_rain_showers.png,Patchy rain possible,0.4,0,85,10,6,1010,30,79,8,46,6,42,5,40,21,34,5,"40
"
26/01/2020,24,7,45,18,28,226,SW,176,http://cdn.worldweatheronline.com/images/wsymbols01_png_64/wsymbol_0009_light_rain_showers.png,Patchy rain possible,11.8,0.5,75,9,5,1000,30,77,7,44,2,36,2,36,26,42,2,"36
"
27/01/2020,24,6,42,18,29,225,SW,365,http://cdn.worldweatheronline.com/images/wsymbols01_png_64/wsymbol_0013_sleet_showers.png,Moderate or heavy sleet showers,13.8,0.5,73,8,5,991,30,79,5,41,0,32,0,32,27,44,0,"32
"
28/01/2020,24,6,42,22,35,279,W,362,http://cdn.worldweatheronline.com/images/wsymbols01_png_64/wsymbol_0013_sleet_showers.png,Light sleet showers,14.5,0.6,73,9,5,995,30,68,5,40,0,33,0,31,34,54,0,"31
"
29/01/2020,24,9,49,20,32,238,WSW,176,http://cdn.worldweatheronline.com/images/wsymbols01_png_64/wsymbol_0009_light_rain_showers.png,Patchy rain possible,1.2,0,81,10,6,1004,30,85,8,46,5,40,3,38,32,52,3,"38
"
30/01/2020,24,11,51,17,27,248,WSW,176,http://cdn.worldweatheronline.com/images/wsymbols01_png_64/wsymbol_0009_light_rain_showers.png,Patchy rain possible,0.6,0,88,9,5,998,30,92,9,48,7,44,5,41,27,43,5,"41
"
31/01/2020,24,11,51,27,43,225,SW,353,http://cdn.worldweatheronline.com/images/wsymbols01_png_64/wsymbol_0009_light_rain_showers.png,Light rain shower,11.8,0.5,87,8,5,995,30,85,10,51,8,47,6,43,42,67,6,"43
"
01/02/2020,24,10,49,23,36,260,W,353,http://cdn.worldweatheronline.com/images/wsymbols01_png_64/wsymbol_0009_light_rain_showers.png,Light rain shower,2.5,0.1,78,10,6,999,30,83,8,47,5,41,4,40,34,55,4,"40
"
02/02/2020,24,10,49,23,37,234,SW,353,http://cdn.worldweatheronline.com/images/wsymbols01_png_64/wsymbol_0009_light_rain_showers.png,Light rain shower,4,0.2,82,8,4,999,30,82,8,47,5,42,4,39,36,58,4,"39
"
03/02/2020,24,7,45,21,34,276,W,353,http://cdn.worldweatheronline.com/images/wsymbols01_png_64/wsymbol_0009_light_rain_showers.png,Light rain shower,2,0.1,69,10,6,1013,30,83,7,44,1,35,2,36,32,51,2,"36
"
04/02/2020,24,8,47,13,20,301,WNW,119,http://cdn.worldweatheronline.com/images/wsymbols01_png_64/wsymbol_0003_white_cloud.png,Cloudy,0.7,0,73,10,6,1029,31,47,6,44,2,36,3,38,21,33,3,"38
"
05/02/2020,24,8,47,8,12,177,S,116,http://cdn.worldweatheronline.com/images/wsymbols01_png_64/wsymbol_0002_sunny_intervals.png,Partly cloudy,0,0,85,10,6,1034,31,18,6,42,3,38,3,37,13,21,3,"37
"
06/02/2020,24,9,47,12,19,150,SSE,122,http://cdn.worldweatheronline.com/images/wsymbols01_png_64/wsymbol_0004_black_low_cloud.png,Overcast,0,0,85,10,6,1025,31,49,6,43,4,39,3,37,19,31,3,"37
"
07/02/2020,24,11,52,17,28,162,SSE,266,http://cdn.worldweatheronline.com/images/wsymbols01_png_64/wsymbol_0017_cloudy_with_light_rain.png,Light drizzle,2.2,0.1,81,9,5,1005,30,87,7,45,4,40,3,38,28,45,3,"38
"
08/02/2020,24,8,47,24,38,209,SSW,353,http://cdn.worldweatheronline.com/images/wsymbols01_png_64/wsymbol_0009_light_rain_showers.png,Light rain shower,33.2,1.3,82,8,4,999,30,89,7,44,4,39,2,36,37,59,2,"36
"
09/02/2020,24,11,53,30,48,260,W,353,http://cdn.worldweatheronline.com/images/wsymbols01_png_64/wsymbol_0009_light_rain_showers.png,Light rain shower,14.7,0.6,84,9,5,981,29,94,9,48,6,43,4,40,44,70,4,"40
"
10/02/2020,24,6,43,32,52,275,W,362,http://cdn.worldweatheronline.com/images/wsymbols01_png_64/wsymbol_0013_sleet_showers.png,Light sleet showers,4.3,0.2,63,10,5,994,30,84,5,41,-1,30,-1,30,47,76,-1,"30
"
11/02/2020,24,5,41,29,46,281,WNW,371,http://cdn.worldweatheronline.com/images/wsymbols01_png_64/wsymbol_0012_heavy_snow_showers.png,Moderate or heavy snow showers,8.2,0.3,63,8,4,1006,30,66,4,40,-2,28,-2,28,44,70,-2,"28
"
12/02/2020,24,7,44,17,28,211,SSW,353,http://cdn.worldweatheronline.com/images/wsymbols01_png_64/wsymbol_0009_light_rain_showers.png,Light rain shower,4.4,0.2,74,10,5,1007,30,89,5,41,1,34,1,33,27,43,1,"33
"
13/02/2020,24,8,46,11,17,322,NW,176,http://cdn.worldweatheronline.com/images/wsymbols01_png_64/wsymbol_0009_light_rain_showers.png,Patchy rain possible,8.7,0.3,86,9,5,994,30,60,6,42,3,38,3,37,16,25,3,"37
"
14/02/2020,24,10,49,20,31,233,SW,299,http://cdn.worldweatheronline.com/images/wsymbols01_png_64/wsymbol_0010_heavy_rain_showers.png,Moderate rain at times,3.6,0.1,79,9,5,1004,30,69,8,46,4,40,4,38,32,52,4,"38
"
15/02/2020,24,10,50,26,41,214,SW,308,http://cdn.worldweatheronline.com/images/wsymbols01_png_64/wsymbol_0018_cloudy_with_heavy_rain.png,Heavy rain,18.6,0.7,82,8,4,986,30,95,8,47,5,42,4,38,40,64,4,"38
"
16/02/2020,24,7,45,37,59,242,WSW,353,http://cdn.worldweatheronline.com/images/wsymbols01_png_64/wsymbol_0009_light_rain_showers.png,Light rain shower,6.3,0.2,65,10,6,982,29,67,6,43,0,32,0,33,53,85,0,"33
"
17/02/2020,24,7,44,26,41,272,W,353,http://cdn.worldweatheronline.com/images/wsymbols01_png_64/wsymbol_0009_light_rain_showers.png,Light rain shower,5.5,0.2,74,9,5,1002,30,79,6,43,2,35,1,34,38,61,1,"34
"
18/02/2020,24,7,45,24,39,277,W,353,http://cdn.worldweatheronline.com/images/wsymbols01_png_64/wsymbol_0009_light_rain_showers.png,Light rain shower,4.5,0.2,75,9,5,1014,30,79,6,43,2,35,1,34,36,58,1,"34
"
19/02/2020,24,10,49,24,38,216,SW,308,http://cdn.worldweatheronline.com/images/wsymbols01_png_64/wsymbol_0018_cloudy_with_heavy_rain.png,Heavy rain,24.1,0.9,87,7,4,1009,30,99,8,46,6,43,3,38,37,60,3,"38
"
20/02/2020,24,6,42,21,34,277,W,362,http://cdn.worldweatheronline.com/images/wsymbols01_png_64/wsymbol_0013_sleet_showers.png,Light sleet showers,23.4,0.9,76,9,5,1007,30,89,6,42,2,35,1,34,31,50,1,"34
"
21/02/2020,24,10,50,34,55,228,SW,302,http://cdn.worldweatheronline.com/images/wsymbols01_png_64/wsymbol_0018_cloudy_with_heavy_rain.png,Moderate rain,21.4,0.8,87,7,4,1008,30,100,9,48,7,45,4,39,53,85,4,"39
"
22/02/2020,24,7,44,27,43,262,W,353,http://cdn.worldweatheronline.com/images/wsymbols01_png_64/wsymbol_0009_light_rain_showers.png,Light rain shower,3.1,0.1,78,9,5,1011,30,99,6,43,3,38,1,34,39,63,1,"34
"
23/02/2020,24,7,45,10,15,263,W,263,http://cdn.worldweatheronline.com/images/wsymbols01_png_64/wsymbol_0009_light_rain_showers.png,Patchy light drizzle,10.7,0.4,82,8,5,1015,30,86,6,43,3,37,3,38,14,22,3,"38
"
24/02/2020,24,10,51,23,37,283,WNW,353,http://cdn.worldweatheronline.com/images/wsymbols01_png_64/wsymbol_0009_light_rain_showers.png,Light rain shower,32.1,1.3,82,9,5,1003,30,77,8,46,5,41,3,38,36,57,3,"38
"
25/02/2020,24,5,41,25,40,280,W,362,http://cdn.worldweatheronline.com/images/wsymbols01_png_64/wsymbol_0013_sleet_showers.png,Light sleet showers,8.7,0.3,78,6,3,1000,30,87,4,39,0,33,-2,29,36,57,-2,"29
"
26/02/2020,24,6,42,17,27,273,W,362,http://cdn.worldweatheronline.com/images/wsymbols01_png_64/wsymbol_0013_sleet_showers.png,Light sleet showers,1.9,0.1,69,10,6,1007,30,76,4,40,-1,31,0,31,26,42,0,"31
"
27/02/2020,24,7,44,9,15,275,W,122,http://cdn.worldweatheronline.com/images/wsymbols01_png_64/wsymbol_0004_black_low_cloud.png,Overcast,0.5,0,72,10,5,1006,30,70,5,40,0,32,1,35,14,23,1,"35
"
28/02/2020,24,10,50,17,27,215,SW,266,http://cdn.worldweatheronline.com/images/wsymbols01_png_64/wsymbol_0017_cloudy_with_light_rain.png,Light drizzle,8,0.3,91,8,4,991,30,100,8,47,7,44,4,40,26,42,4,"40
"
29/02/2020,24,5,42,35,56,247,WSW,362,http://cdn.worldweatheronline.com/images/wsymbols01_png_64/wsymbol_0013_sleet_showers.png,Light sleet showers,13.4,0.5,74,9,5,973,29,79,4,39,1,33,-2,29,47,75,-2,"29
"
01/03/2020,24,6,43,24,39,262,W,362,http://cdn.worldweatheronline.com/images/wsymbols01_png_64/wsymbol_0013_sleet_showers.png,Light sleet showers,3.5,0.1,66,10,5,982,29,74,5,41,-1,31,0,31,34,55,0,"31
"
01/03/2020,24,6,43,24,39,262,W,362,http://cdn.worldweatheronline.com/images/wsymbols01_png_64/wsymbol_0013_sleet_showers.png,Light sleet showers,3.5,0.1,66,10,5,982,29,74,5,41,-1,31,0,31,34,55,0,"31
"
02/03/2020,24,7,44,20,32,273,W,353,http://cdn.worldweatheronline.com/images/wsymbols01_png_64/wsymbol_0009_light_rain_showers.png,Light rain shower,3.5,0.1,66,10,5,989,30,75,5,41,-1,30,0,31,30,48,0,"31
"
03/03/2020,24,8,46,13,21,279,W,176,http://cdn.worldweatheronline.com/images/wsymbols01_png_64/wsymbol_0009_light_rain_showers.png,Patchy rain possible,0.8,0,69,10,6,1002,30,71,5,42,0,32,2,35,20,33,2,"35
"
04/03/2020,24,8,46,5,7,73,ENE,119,http://cdn.worldweatheronline.com/images/wsymbols01_png_64/wsymbol_0003_white_cloud.png,Cloudy,0.4,0,77,10,6,1005,30,59,5,41,1,34,3,38,7,12,3,"38
"
05/03/2020,24,7,45,7,11,220,SW,353,http://cdn.worldweatheronline.com/images/wsymbols01_png_64/wsymbol_0009_light_rain_showers.png,Light rain shower,5.9,0.2,81,10,5,1001,30,73,5,40,2,35,2,36,10,17,2,"36
"
06/03/2020,24,8,47,14,23,289,WNW,263,http://cdn.worldweatheronline.com/images/wsymbols01_png_64/wsymbol_0009_light_rain_showers.png,Patchy light drizzle,6.6,0.3,75,8,5,1006,30,83,6,43,2,35,2,36,22,36,2,"36
"
07/03/2020,24,10,50,25,40,209,SSW,302,http://cdn.worldweatheronline.com/images/wsymbols01_png_64/wsymbol_0018_cloudy_with_heavy_rain.png,Moderate rain,12,0.5,90,8,4,1002,30,100,9,48,8,46,5,41,39,63,5,"41
"
08/03/2020,24,8,47,24,38,257,WSW,353,http://cdn.worldweatheronline.com/images/wsymbols01_png_64/wsymbol_0009_light_rain_showers.png,Light rain shower,8.7,0.3,76,9,5,998,30,83,7,45,3,38,3,37,36,58,3,"37
"
09/03/2020,24,10,51,23,37,218,SW,308,http://cdn.worldweatheronline.com/images/wsymbols01_png_64/wsymbol_0018_cloudy_with_heavy_rain.png,Heavy rain,22.3,0.9,87,8,5,1005,30,90,8,46,6,43,4,39,37,59,4,"39
"
10/03/2020,24,10,50,22,36,257,WSW,266,http://cdn.worldweatheronline.com/images/wsymbols01_png_64/wsymbol_0017_cloudy_with_light_rain.png,Light drizzle,7.5,0.3,84,8,5,1000,30,75,9,48,6,44,5,41,35,56,5,"41
"
11/03/2020,24,8,46,24,38,246,WSW,320,http://cdn.worldweatheronline.com/images/wsymbols01_png_64/wsymbol_0019_cloudy_with_light_snow.png,Moderate or heavy sleet,9,0.4,78,9,5,1000,30,86,7,44,3,37,2,35,36,58,2,"35
"
12/03/2020,24,8,46,29,46,271,W,353,http://cdn.worldweatheronline.com/images/wsymbols01_png_64/wsymbol_0009_light_rain_showers.png,Light rain shower,3.5,0.1,71,8,4,1004,30,72,6,43,1,34,0,33,42,68,0,"33
"
13/03/2020,24,8,46,14,22,150,SSE,296,http://cdn.worldweatheronline.com/images/wsymbols01_png_64/wsymbol_0017_cloudy_with_light_rain.png,Light rain,5,0.2,83,9,5,1012,30,85,6,43,4,39,2,36,21,34,2,"36
"
14/03/2020,24,10,49,18,29,211,SSW,302,http://cdn.worldweatheronline.com/images/wsymbols01_png_64/wsymbol_0018_cloudy_with_heavy_rain.png,Moderate rain,10.8,0.4,88,8,4,1003,30,92,8,46,6,42,4,39,28,45,4,"39
"
15/03/2020,24,9,48,14,23,319,NW,176,http://cdn.worldweatheronline.com/images/wsymbols01_png_64/wsymbol_0009_light_rain_showers.png,Patchy rain possible,2.3,0.1,74,10,6,1006,30,47,7,44,2,36,3,38,22,35,3,"38
"
16/03/2020,24,9,48,18,30,206,SSW,296,http://cdn.worldweatheronline.com/images/wsymbols01_png_64/wsymbol_0017_cloudy_with_light_rain.png,Light rain,5,0.2,81,9,5,1016,30,68,6,43,4,39,3,37,29,47,3,"37
"
17/03/2020,24,10,50,13,21,236,SW,302,http://cdn.worldweatheronline.com/images/wsymbols01_png_64/wsymbol_0018_cloudy_with_heavy_rain.png,Moderate rain,15,0.6,89,9,5,1017,31,92,8,47,7,44,5,41,21,34,5,"41
"
18/03/2020,24,7,45,9,15,284,WNW,176,http://cdn.worldweatheronline.com/images/wsymbols01_png_64/wsymbol_0009_light_rain_showers.png,Patchy rain possible,0.1,0,71,10,6,1024,31,92,6,42,1,33,3,37,14,22,3,"37
"
19/03/2020,24,9,48,9,15,93,E,299,http://cdn.worldweatheronline.com/images/wsymbols01_png_64/wsymbol_0010_heavy_rain_showers.png,Moderate rain at times,1.3,0.1,71,10,6,1030,31,59,5,41,0,32,2,36,14,23,2,"36
"
20/03/2020,24,9,48,11,18,66,ENE,116,http://cdn.worldweatheronline.com/images/wsymbols01_png_64/wsymbol_0002_sunny_intervals.png,Partly cloudy,0,0,74,10,6,1032,31,15,4,40,0,32,0,33,18,30,0,"33
"
21/03/2020,24,6,42,13,21,111,ESE,302,http://cdn.worldweatheronline.com/images/wsymbols01_png_64/wsymbol_0018_cloudy_with_heavy_rain.png,Moderate rain,9.9,0.4,82,8,5,1024,31,89,5,41,2,36,1,33,20,32,1,"33
"
22/03/2020,24,9,48,10,15,153,SSE,122,http://cdn.worldweatheronline.com/images/wsymbols01_png_64/wsymbol_0004_black_low_cloud.png,Overcast,2.9,0.1,81,8,5,1025,31,72,6,43,3,38,3,38,15,24,3,"38
"
23/03/2020,24,11,51,13,20,182,S,122,http://cdn.worldweatheronline.com/images/wsymbols01_png_64/wsymbol_0004_black_low_cloud.png,Overcast,0,0,80,10,6,1020,31,61,7,45,4,39,4,39,19,31,4,"39
"
24/03/2020,24,13,55,15,24,182,S,122,http://cdn.worldweatheronline.com/images/wsymbols01_png_64/wsymbol_0004_black_low_cloud.png,Overcast,0.8,0,83,9,5,1015,30,83,9,48,6,43,6,43,24,38,6,"43
"
25/03/2020,24,10,51,9,15,239,WSW,296,http://cdn.worldweatheronline.com/images/wsymbols01_png_64/wsymbol_0017_cloudy_with_light_rain.png,Light rain,3.3,0.1,90,6,3,1019,31,92,9,48,7,45,7,44,15,24,7,"44
"
26/03/2020,24,11,52,9,14,27,NNE,122,http://cdn.worldweatheronline.com/images/wsymbols01_png_64/wsymbol_0004_black_low_cloud.png,Overcast,0.1,0,91,9,5,1025,31,91,8,47,7,44,6,43,13,21,6,"43
"
27/03/2020,24,12,54,10,17,42,NE,176,http://cdn.worldweatheronline.com/images/wsymbols01_png_64/wsymbol_0009_light_rain_showers.png,Patchy rain possible,0.3,0,84,10,6,1028,31,39,8,46,5,41,5,41,16,27,5,"41
"
28/03/2020,24,11,51,13,21,52,NE,122,http://cdn.worldweatheronline.com/images/wsymbols01_png_64/wsymbol_0004_black_low_cloud.png,Overcast,0.1,0,78,10,6,1036,31,57,8,46,4,39,4,40,19,31,4,"40
"
29/03/2020,24,8,46,14,22,43,NE,116,http://cdn.worldweatheronline.com/images/wsymbols01_png_64/wsymbol_0002_sunny_intervals.png,Partly cloudy,0.1,0,68,10,6,1047,31,11,5,40,-1,31,0,33,20,32,0,"33
"
30/03/2020,24,10,49,13,22,13,NNE,122,http://cdn.worldweatheronline.com/images/wsymbols01_png_64/wsymbol_0004_black_low_cloud.png,Overcast,0,0,76,10,6,1043,31,69,6,43,2,36,2,36,20,32,2,"36
"
31/03/2020,24,9,47,11,18,28,NNE,122,http://cdn.worldweatheronline.com/images/wsymbols01_png_64/wsymbol_0004_black_low_cloud.png,Overcast,0,0,71,10,6,1037,31,78,7,44,2,36,4,39,16,26,4,"39
"
01/04/2020,24,9,47,7,12,324,NW,176,http://cdn.worldweatheronline.com/images/wsymbols01_png_64/wsymbol_0009_light_rain_showers.png,Patchy rain possible,0.1,0,75,10,6,1029,31,71,7,44,3,37,4,40,12,19,4,"40
"
02/04/2020,24,9,48,12,19,295,WNW,296,http://cdn.worldweatheronline.com/images/wsymbols01_png_64/wsymbol_0017_cloudy_with_light_rain.png,Light rain,2,0.1,85,9,5,1020,31,87,7,45,6,42,4,40,18,29,4,"40
"
03/04/2020,24,10,49,10,16,248,WSW,263,http://cdn.worldweatheronline.com/images/wsymbols01_png_64/wsymbol_0009_light_rain_showers.png,Patchy light drizzle,2.2,0.1,86,9,5,1016,30,59,8,46,5,41,5,41,15,25,5,"41
"
04/04/2020,24,10,51,15,25,164,SSE,176,http://cdn.worldweatheronline.com/images/wsymbols01_png_64/wsymbol_0009_light_rain_showers.png,Patchy rain possible,0.1,0,79,10,6,1011,30,62,8,47,5,41,5,41,24,39,5,"41
"
05/04/2020,24,13,55,23,37,172,S,302,http://cdn.worldweatheronline.com/images/wsymbols01_png_64/wsymbol_0018_cloudy_with_heavy_rain.png,Moderate rain,9.5,0.4,84,7,4,996,30,84,10,50,7,45,6,43,38,61,6,"43
"
06/04/2020,24,10,49,17,27,240,WSW,176,http://cdn.worldweatheronline.com/images/wsymbols01_png_64/wsymbol_0009_light_rain_showers.png,Patchy rain possible,0.9,0,75,10,6,1011,30,61,8,47,4,39,4,40,26,41,4,"40
"
07/04/2020,24,13,55,11,17,189,S,116,http://cdn.worldweatheronline.com/images/wsymbols01_png_64/wsymbol_0002_sunny_intervals.png,Partly cloudy,0,0,77,10,6,1024,31,37,8,47,5,40,6,42,18,28,6,"42
"
08/04/2020,24,13,55,7,12,234,SW,116,http://cdn.worldweatheronline.com/images/wsymbols01_png_64/wsymbol_0002_sunny_intervals.png,Partly cloudy,0,0,80,10,6,1024,31,31,9,49,6,43,8,46,13,20,8,"46
"
09/04/2020,24,16,61,6,9,151,SSE,176,http://cdn.worldweatheronline.com/images/wsymbols01_png_64/wsymbol_0009_light_rain_showers.png,Patchy rain possible,0.2,0,84,10,6,1023,31,48,11,52,9,48,11,51,10,17,11,"51
"
10/04/2020,24,15,58,5,8,218,SW,122,http://cdn.worldweatheronline.com/images/wsymbols01_png_64/wsymbol_0004_black_low_cloud.png,Overcast,0.1,0,85,10,6,1021,31,75,11,52,9,48,10,51,10,15,10,"51
"
11/04/2020,24,12,53,9,15,247,WSW,119,http://cdn.worldweatheronline.com/images/wsymbols01_png_64/wsymbol_0003_white_cloud.png,Cloudy,0,0,87,8,4,1022,31,52,10,50,8,47,8,47,14,23,8,"47
"
12/04/2020,24,10,51,12,20,31,NNE,353,http://cdn.worldweatheronline.com/images/wsymbols01_png_64/wsymbol_0009_light_rain_showers.png,Light rain shower,3,0.1,83,6,3,1015,30,94,9,49,6,43,7,44,18,29,7,"44
"
13/04/2020,24,11,52,15,23,74,ENE,116,http://cdn.worldweatheronline.com/images/wsymbols01_png_64/wsymbol_0002_sunny_intervals.png,Partly cloudy,0,0,74,10,6,1028,31,28,8,46,3,38,4,40,21,34,4,"40
"
14/04/2020,24,11,53,4,7,220,SW,116,http://cdn.worldweatheronline.com/images/wsymbols01_png_64/wsymbol_0002_sunny_intervals.png,Partly cloudy,0,0,76,10,6,1028,31,23,7,44,3,37,6,42,7,11,6,"42
"
15/04/2020,24,14,58,4,7,83,E,116,http://cdn.worldweatheronline.com/images/wsymbols01_png_64/wsymbol_0002_sunny_intervals.png,Partly cloudy,0,0,74,10,6,1022,31,8,9,48,5,40,8,47,7,12,8,"47
"
16/04/2020,24,13,56,10,17,59,ENE,116,http://cdn.worldweatheronline.com/images/wsymbols01_png_64/wsymbol_0002_sunny_intervals.png,Partly cloudy,0,0,83,10,6,1016,30,21,9,49,7,44,7,44,17,27,7,"44
"
17/04/2020,24,15,59,10,17,86,E,353,http://cdn.worldweatheronline.com/images/wsymbols01_png_64/wsymbol_0009_light_rain_showers.png,Light rain shower,2.2,0.1,85,10,6,1014,30,60,11,51,8,47,9,48,17,27,9,"48
"
18/04/2020,24,13,56,11,17,89,E,353,http://cdn.worldweatheronline.com/images/wsymbols01_png_64/wsymbol_0009_light_rain_showers.png,Light rain shower,1.5,0.1,89,7,4,1016,30,99,10,51,9,48,8,47,16,25,8,"47
"
19/04/2020,24,13,56,10,15,127,SE,353,http://cdn.worldweatheronline.com/images/wsymbols01_png_64/wsymbol_0009_light_rain_showers.png,Light rain shower,2.7,0.1,88,9,5,1019,31,79,10,49,8,47,7,45,15,25,7,"45
"
20/04/2020,24,14,56,11,18,79,E,122,http://cdn.worldweatheronline.com/images/wsymbols01_png_64/wsymbol_0004_black_low_cloud.png,Overcast,0.4,0,80,10,6,1020,31,54,9,49,6,43,7,45,17,28,7,"45
"
21/04/2020,24,14,57,12,20,75,ENE,119,http://cdn.worldweatheronline.com/images/wsymbols01_png_64/wsymbol_0003_white_cloud.png,Cloudy,0.2,0,79,9,5,1021,31,42,9,49,6,43,7,44,19,30,7,"44
"
22/04/2020,24,14,58,9,15,64,ENE,119,http://cdn.worldweatheronline.com/images/wsymbols01_png_64/wsymbol_0003_white_cloud.png,Cloudy,0.2,0,82,10,6,1023,31,42,10,50,7,44,8,46,15,24,8,"46
"
23/04/2020,24,15,60,4,7,110,ESE,119,http://cdn.worldweatheronline.com/images/wsymbols01_png_64/wsymbol_0003_white_cloud.png,Cloudy,0,0,81,10,6,1021,31,38,11,51,8,46,10,50,7,12,10,"50
"
24/04/2020,24,15,58,5,8,183,S,116,http://cdn.worldweatheronline.com/images/wsymbols01_png_64/wsymbol_0002_sunny_intervals.png,Partly cloudy,0.2,0,81,10,6,1016,30,40,11,52,8,46,10,51,8,13,10,"51
"
25/04/2020,24,16,60,6,9,149,SSE,356,http://cdn.worldweatheronline.com/images/wsymbols01_png_64/wsymbol_0010_heavy_rain_showers.png,Moderate or heavy rain shower,5.4,0.2,89,8,4,1013,30,62,12,54,10,50,11,52,10,16,11,"52
"
26/04/2020,24,10,50,9,14,20,NNE,176,http://cdn.worldweatheronline.com/images/wsymbols01_png_64/wsymbol_0009_light_rain_showers.png,Patchy rain possible,0.4,0,85,10,6,1012,30,85,8,47,6,43,6,43,14,22,6,"43
"
27/04/2020,24,11,53,6,10,207,SSW,176,http://cdn.worldweatheronline.com/images/wsymbols01_png_64/wsymbol_0009_light_rain_showers.png,Patchy rain possible,0.6,0,80,10,6,1010,30,39,8,47,5,41,6,43,10,16,6,"43
"
28/04/2020,24,12,53,4,7,177,S,353,http://cdn.worldweatheronline.com/images/wsymbols01_png_64/wsymbol_0009_light_rain_showers.png,Light rain shower,1.9,0.1,78,9,5,1005,30,69,9,47,5,41,8,46,7,11,8,"46
"
29/04/2020,24,11,51,14,23,221,SW,302,http://cdn.worldweatheronline.com/images/wsymbols01_png_64/wsymbol_0018_cloudy_with_heavy_rain.png,Moderate rain,4.5,0.2,77,9,5,993,30,81,8,47,4,40,5,42,20,32,5,"42
"
30/04/2020,24,11,53,9,14,290,WNW,353,http://cdn.worldweatheronline.com/images/wsymbols01_png_64/wsymbol_0009_light_rain_showers.png,Light rain shower,1.7,0.1,78,9,5,991,30,76,9,48,5,41,7,44,12,19,7,"44
"
01/05/2020,24,11,51,11,18,289,WNW,176,http://cdn.worldweatheronline.com/images/wsymbols01_png_64/wsymbol_0009_light_rain_showers.png,Patchy rain possible,2.8,0.1,76,10,5,1001,30,73,9,47,5,40,6,43,16,26,6,"43
"
02/05/2020,24,12,54,5,8,149,SSE,122,http://cdn.worldweatheronline.com/images/wsymbols01_png_64/wsymbol_0004_black_low_cloud.png,Overcast,0.1,0,75,10,6,1011,30,37,9,49,5,41,8,46,9,14,8,"46
"
03/05/2020,24,14,56,6,9,134,SE,176,http://cdn.worldweatheronline.com/images/wsymbols01_png_64/wsymbol_0009_light_rain_showers.png,Patchy rain possible,0.2,0,77,10,6,1015,30,55,10,49,6,42,9,47,9,14,9,"47
"
04/05/2020,24,14,58,11,18,69,ENE,116,http://cdn.worldweatheronline.com/images/wsymbols01_png_64/wsymbol_0002_sunny_intervals.png,Partly cloudy,0,0,76,10,6,1019,31,7,10,49,5,42,7,45,17,28,7,"45
"
05/05/2020,24,15,58,16,26,101,ESE,119,http://cdn.worldweatheronline.com/images/wsymbols01_png_64/wsymbol_0003_white_cloud.png,Cloudy,0,0,76,10,6,1018,31,30,11,51,7,44,8,46,24,39,8,"46
"
06/05/2020,24,15,58,12,20,120,ESE,122,http://cdn.worldweatheronline.com/images/wsymbols01_png_64/wsymbol_0004_black_low_cloud.png,Overcast,0,0,80,10,6,1021,31,64,12,53,8,47,9,49,19,31,9,"49
"
07/05/2020,24,15,59,10,16,206,SSW,353,http://cdn.worldweatheronline.com/images/wsymbols01_png_64/wsymbol_0009_light_rain_showers.png,Light rain shower,4,0.2,87,9,5,1017,31,73,12,54,10,50,11,51,15,24,11,"51
"
08/05/2020,24,16,61,5,9,212,SSW,176,http://cdn.worldweatheronline.com/images/wsymbols01_png_64/wsymbol_0009_light_rain_showers.png,Patchy rain possible,0.6,0,82,10,6,1017,31,59,13,55,10,50,12,54,9,15,12,"54
"
09/05/2020,24,17,63,4,6,180,S,353,http://cdn.worldweatheronline.com/images/wsymbols01_png_64/wsymbol_0009_light_rain_showers.png,Light rain shower,1.2,0,86,7,4,1014,30,48,13,56,11,51,13,55,7,11,13,"55
"
10/05/2020,24,13,55,15,25,52,NE,176,http://cdn.worldweatheronline.com/images/wsymbols01_png_64/wsymbol_0009_light_rain_showers.png,Patchy rain possible,0.3,0,81,10,6,1016,30,67,10,50,7,44,7,44,22,35,7,"44
"
11/05/2020,24,11,52,12,19,56,ENE,116,http://cdn.worldweatheronline.com/images/wsymbols01_png_64/wsymbol_0002_sunny_intervals.png,Partly cloudy,0,0,63,10,6,1028,31,10,7,44,0,32,3,38,17,28,3,"38
"
12/05/2020,24,10,50,6,10,152,SSE,176,http://cdn.worldweatheronline.com/images/wsymbols01_png_64/wsymbol_0009_light_rain_showers.png,Patchy rain possible,0.2,0,75,10,6,1025,31,36,7,44,3,37,5,41,10,16,5,"41
"
13/05/2020,24,11,52,9,15,65,ENE,116,http://cdn.worldweatheronline.com/images/wsymbols01_png_64/wsymbol_0002_sunny_intervals.png,Partly cloudy,0,0,74,10,6,1022,31,19,8,46,3,38,5,41,14,22,5,"41
"
14/05/2020,24,12,53,5,8,253,WSW,116,http://cdn.worldweatheronline.com/images/wsymbols01_png_64/wsymbol_0002_sunny_intervals.png,Partly cloudy,0,0,71,10,6,1026,31,14,7,45,2,36,6,42,8,13,6,"42
"
15/05/2020,24,12,53,6,9,136,SE,122,http://cdn.worldweatheronline.com/images/wsymbols01_png_64/wsymbol_0004_black_low_cloud.png,Overcast,0,0,74,10,6,1028,31,77,8,47,4,39,7,44,9,14,7,"44
"
16/05/2020,24,12,53,12,20,228,SW,176,http://cdn.worldweatheronline.com/images/wsymbols01_png_64/wsymbol_0009_light_rain_showers.png,Patchy rain possible,0.1,0,79,10,6,1024,31,62,10,49,6,43,7,45,18,29,7,"45
"
17/05/2020,24,13,55,17,28,212,SSW,266,http://cdn.worldweatheronline.com/images/wsymbols01_png_64/wsymbol_0017_cloudy_with_light_rain.png,Light drizzle,0.4,0,82,9,5,1019,31,93,11,52,8,47,8,47,26,41,8,"47
"
18/05/2020,24,14,57,15,24,225,SW,353,http://cdn.worldweatheronline.com/images/wsymbols01_png_64/wsymbol_0009_light_rain_showers.png,Light rain shower,1.5,0.1,91,7,4,1019,31,84,13,55,11,52,10,51,23,37,10,"51
"
19/05/2020,24,15,60,13,21,236,SW,122,http://cdn.worldweatheronline.com/images/wsymbols01_png_64/wsymbol_0004_black_low_cloud.png,Overcast,1.1,0,88,8,4,1020,31,71,14,56,11,53,12,54,20,33,12,"54
"
20/05/2020,24,17,63,13,22,186,S,122,http://cdn.worldweatheronline.com/images/wsymbols01_png_64/wsymbol_0004_black_low_cloud.png,Overcast,0,0,80,10,6,1017,30,56,14,56,10,50,12,54,22,35,12,"54
"
21/05/2020,24,16,62,13,20,164,SSE,176,http://cdn.worldweatheronline.com/images/wsymbols01_png_64/wsymbol_0009_light_rain_showers.png,Patchy rain possible,2.5,0.1,81,10,6,1014,30,59,12,54,9,48,11,51,20,31,11,"51
"
22/05/2020,24,13,55,32,52,231,SW,353,http://cdn.worldweatheronline.com/images/wsymbols01_png_64/wsymbol_0009_light_rain_showers.png,Light rain shower,7.6,0.3,75,10,5,1001,30,82,12,53,7,45,8,46,47,76,8,"46
"
23/05/2020,24,12,53,26,42,260,W,266,http://cdn.worldweatheronline.com/images/wsymbols01_png_64/wsymbol_0017_cloudy_with_light_rain.png,Light drizzle,3.1,0.1,77,9,5,1016,30,87,11,52,7,45,7,45,39,62,7,"45
"
24/05/2020,24,13,56,16,26,233,SW,116,http://cdn.worldweatheronline.com/images/wsymbols01_png_64/wsymbol_0002_sunny_intervals.png,Partly cloudy,0,0,82,10,6,1028,31,30,12,53,9,48,9,49,23,37,9,"49
"
25/05/2020,24,15,59,10,17,198,SSW,296,http://cdn.worldweatheronline.com/images/wsymbols01_png_64/wsymbol_0017_cloudy_with_light_rain.png,Light rain,1.8,0.1,86,9,5,1030,31,54,11,53,9,48,10,49,17,28,10,"49
"
26/05/2020,24,14,57,6,9,252,WSW,116,http://cdn.worldweatheronline.com/images/wsymbols01_png_64/wsymbol_0002_sunny_intervals.png,Partly cloudy,0.1,0,78,8,4,1036,31,21,12,54,8,47,12,53,9,15,12,"53
"
27/05/2020,24,19,65,3,5,191,SSW,353,http://cdn.worldweatheronline.com/images/wsymbols01_png_64/wsymbol_0009_light_rain_showers.png,Light rain shower,0.4,0,82,10,6,1036,31,53,14,57,11,51,13,56,6,9,13,"56
"
28/05/2020,24,21,70,9,14,144,SE,122,http://cdn.worldweatheronline.com/images/wsymbols01_png_64/wsymbol_0004_black_low_cloud.png,Overcast,0.1,0,83,9,5,1030,31,45,16,62,13,56,16,61,15,24,16,"61
"
29/05/2020,24,20,67,12,19,154,SSE,116,http://cdn.worldweatheronline.com/images/wsymbols01_png_64/wsymbol_0002_sunny_intervals.png,Partly cloudy,0,0,80,10,6,1022,31,12,15,60,12,53,15,59,20,32,15,"59
"
30/05/2020,24,20,67,10,15,134,SE,122,http://cdn.worldweatheronline.com/images/wsymbols01_png_64/wsymbol_0004_black_low_cloud.png,Overcast,0,0,76,10,6,1020,31,31,15,59,11,51,15,58,17,27,15,"58
"
31/05/2020,24,20,68,8,13,116,ESE,176,http://cdn.worldweatheronline.com/images/wsymbols01_png_64/wsymbol_0009_light_rain_showers.png,Patchy rain possible,0.4,0,76,10,6,1021,31,48,16,60,11,53,15,60,14,23,15,"60
"
01/06/2020,24,21,70,4,6,116,ESE,116,http://cdn.worldweatheronline.com/images/wsymbols01_png_64/wsymbol_0002_sunny_intervals.png,Partly cloudy,0.1,0,74,10,6,1025,31,23,18,64,11,53,17,62,7,11,17,"62
"
02/06/2020,24,18,65,7,12,266,W,116,http://cdn.worldweatheronline.com/images/wsymbols01_png_64/wsymbol_0002_sunny_intervals.png,Partly cloudy,0,0,75,10,6,1023,31,23,15,60,11,51,15,59,12,19,15,"59
"
03/06/2020,24,16,60,17,27,4,N,119,http://cdn.worldweatheronline.com/images/wsymbols01_png_64/wsymbol_0003_white_cloud.png,Cloudy,0.1,0,77,10,6,1017,31,56,13,55,9,48,11,52,22,36,11,"52
"
04/06/2020,24,15,58,12,20,298,WNW,353,http://cdn.worldweatheronline.com/images/wsymbols01_png_64/wsymbol_0009_light_rain_showers.png,Light rain shower,0.4,0,81,10,6,1010,30,95,12,54,9,48,10,50,18,29,10,"50
"
05/06/2020,24,13,56,14,23,333,NNW,176,http://cdn.worldweatheronline.com/images/wsymbols01_png_64/wsymbol_0009_light_rain_showers.png,Patchy rain possible,1,0,70,10,6,1005,30,75,11,51,6,42,8,47,20,33,8,"47
"
06/06/2020,24,12,54,18,29,327,NNW,353,http://cdn.worldweatheronline.com/images/wsymbols01_png_64/wsymbol_0009_light_rain_showers.png,Light rain shower,2.5,0.1,78,10,6,1007,30,92,10,50,7,44,7,44,27,43,7,"44
"
07/06/2020,24,13,56,12,19,352,N,176,http://cdn.worldweatheronline.com/images/wsymbols01_png_64/wsymbol_0009_light_rain_showers.png,Patchy rain possible,0.3,0,77,10,6,1014,30,85,11,53,8,46,9,49,17,27,9,"49
"
08/06/2020,24,13,56,9,14,193,SSW,116,http://cdn.worldweatheronline.com/images/wsymbols01_png_64/wsymbol_0002_sunny_intervals.png,Partly cloudy,0,0,74,10,6,1021,31,22,11,51,6,43,9,48,13,21,9,"48
"
09/06/2020,24,14,56,8,13,244,WSW,119,http://cdn.worldweatheronline.com/images/wsymbols01_png_64/wsymbol_0003_white_cloud.png,Cloudy,0,0,81,10,6,1020,31,65,11,52,8,46,10,49,11,18,10,"49
"
